InventoryId,City
1_HARDERSFIELD_1004,G
1_HARDERSFIELD_1005,A
1_HARDERSFIELD_10058,I
1_HARDERSFIELD_10062,J
1_HARDERSFIELD_1019,I
1_HARDERSFIELD_1022,B
1_HARDERSFIELD_10236,I
1_HARDERSFIELD_10238,A
1_HARDERSFIELD_10239,F
1_HARDERSFIELD_1024,G
1_HARDERSFIELD_10254,J
1_HARDERSFIELD_10266,F
1_HARDERSFIELD_10296,J
1_HARDERSFIELD_1036,G
1_HARDERSFIELD_1039,H
1_HARDERSFIELD_10420,D
1_HARDERSFIELD_10421,J
1_HARDERSFIELD_10441,C
1_HARDERSFIELD_10443,F
1_HARDERSFIELD_10451,G
1_HARDERSFIELD_10453,B
1_HARDERSFIELD_10469,E
1_HARDERSFIELD_10472,A
1_HARDERSFIELD_10579,D
1_HARDERSFIELD_10596,C
1_HARDERSFIELD_1060,B
1_HARDERSFIELD_10603,C
1_HARDERSFIELD_10609,D
1_HARDERSFIELD_1061,I
1_HARDERSFIELD_10626,F
1_HARDERSFIELD_1064,J
1_HARDERSFIELD_1065,I
1_HARDERSFIELD_10676,A
1_HARDERSFIELD_10680,J
1_HARDERSFIELD_10723,B
1_HARDERSFIELD_10727,C
1_HARDERSFIELD_10750,D
1_HARDERSFIELD_10927,A
1_HARDERSFIELD_1094,D
1_HARDERSFIELD_10957,E
1_HARDERSFIELD_11067,E
1_HARDERSFIELD_11089,B
1_HARDERSFIELD_11141,I
1_HARDERSFIELD_11152,E
1_HARDERSFIELD_11196,E
1_HARDERSFIELD_11200,B
1_HARDERSFIELD_11213,J
1_HARDERSFIELD_11214,J
1_HARDERSFIELD_11219,A
1_HARDERSFIELD_11227,F
1_HARDERSFIELD_11238,E
1_HARDERSFIELD_11320,A
1_HARDERSFIELD_1133,A
1_HARDERSFIELD_1135,E
1_HARDERSFIELD_11353,G
1_HARDERSFIELD_11354,E
1_HARDERSFIELD_11367,D
1_HARDERSFIELD_11414,F
1_HARDERSFIELD_11440,J
1_HARDERSFIELD_11456,C
1_HARDERSFIELD_11480,H
1_HARDERSFIELD_11488,F
1_HARDERSFIELD_115,D
1_HARDERSFIELD_1168,B
1_HARDERSFIELD_11698,C
1_HARDERSFIELD_1174,G
1_HARDERSFIELD_1178,G
1_HARDERSFIELD_1180,I
1_HARDERSFIELD_11825,J
1_HARDERSFIELD_11826,D
1_HARDERSFIELD_11827,G
1_HARDERSFIELD_11828,F
1_HARDERSFIELD_1186,C
1_HARDERSFIELD_11888,J
10_HORNSEY_1004,I
10_HORNSEY_10058,B
10_HORNSEY_10062,I
10_HORNSEY_1019,F
10_HORNSEY_10236,E
10_HORNSEY_10238,F
10_HORNSEY_10239,D
10_HORNSEY_1024,E
10_HORNSEY_10254,H
10_HORNSEY_10266,J
10_HORNSEY_10296,C
10_HORNSEY_1031,H
10_HORNSEY_1036,J
10_HORNSEY_10420,D
10_HORNSEY_10421,E
10_HORNSEY_10441,I
10_HORNSEY_10443,E
10_HORNSEY_10451,A
10_HORNSEY_10453,J
10_HORNSEY_10469,D
10_HORNSEY_10472,A
10_HORNSEY_10579,D
10_HORNSEY_10596,C
10_HORNSEY_1060,E
10_HORNSEY_10609,A
10_HORNSEY_1061,H
10_HORNSEY_10626,A
10_HORNSEY_1064,J
10_HORNSEY_1065,F
10_HORNSEY_10676,A
10_HORNSEY_10680,E
10_HORNSEY_10723,G
10_HORNSEY_10727,E
10_HORNSEY_10750,D
10_HORNSEY_10874,A
10_HORNSEY_10895,B
10_HORNSEY_10927,G
10_HORNSEY_1094,H
10_HORNSEY_10957,I
10_HORNSEY_11067,J
10_HORNSEY_11089,H
10_HORNSEY_11141,G
10_HORNSEY_11152,E
10_HORNSEY_11196,A
10_HORNSEY_11213,C
10_HORNSEY_11214,D
10_HORNSEY_11219,J
10_HORNSEY_1133,E
10_HORNSEY_1135,J
10_HORNSEY_11353,A
10_HORNSEY_11354,B
10_HORNSEY_11367,E
10_HORNSEY_11414,H
10_HORNSEY_11440,E
10_HORNSEY_11456,J
10_HORNSEY_11480,A
10_HORNSEY_11488,D
10_HORNSEY_115,I
10_HORNSEY_1168,I
10_HORNSEY_11698,I
10_HORNSEY_1174,B
10_HORNSEY_1178,E
10_HORNSEY_1180,H
10_HORNSEY_11825,B
10_HORNSEY_11826,C
10_HORNSEY_11827,I
10_HORNSEY_11828,E
10_HORNSEY_1186,D
10_HORNSEY_11888,J
11_CARDEND_1004,F
11_CARDEND_10058,J
11_CARDEND_10062,J
11_CARDEND_1019,F
11_CARDEND_1021,F
11_CARDEND_10236,I
11_CARDEND_10238,E
11_CARDEND_10239,D
11_CARDEND_1024,I
11_CARDEND_10254,A
11_CARDEND_10266,G
11_CARDEND_10296,A
11_CARDEND_1036,G
11_CARDEND_10420,F
11_CARDEND_10421,B
11_CARDEND_10441,G
11_CARDEND_10443,F
11_CARDEND_10451,I
11_CARDEND_10453,G
11_CARDEND_10469,F
11_CARDEND_10472,B
11_CARDEND_10579,E
11_CARDEND_10596,I
11_CARDEND_1060,I
11_CARDEND_1061,B
11_CARDEND_10626,H
11_CARDEND_1064,A
11_CARDEND_10680,J
11_CARDEND_10723,H
11_CARDEND_10727,E
11_CARDEND_10874,B
11_CARDEND_1094,D
11_CARDEND_10957,A
11_CARDEND_11067,H
11_CARDEND_11089,J
11_CARDEND_11141,E
11_CARDEND_11152,G
11_CARDEND_11213,G
11_CARDEND_11214,D
11_CARDEND_11219,E
11_CARDEND_1133,B
11_CARDEND_1135,F
11_CARDEND_11367,D
11_CARDEND_11440,G
11_CARDEND_11456,G
11_CARDEND_11488,A
11_CARDEND_115,I
11_CARDEND_11698,C
11_CARDEND_1178,F
11_CARDEND_1180,E
11_CARDEND_11825,I
11_CARDEND_11826,C
11_CARDEND_11827,B
11_CARDEND_11828,H
11_CARDEND_11888,G
12_LEESIDE_1004,C
12_LEESIDE_10058,B
12_LEESIDE_10236,C
12_LEESIDE_10238,B
12_LEESIDE_10239,C
12_LEESIDE_1024,G
12_LEESIDE_10266,G
12_LEESIDE_1036,J
12_LEESIDE_10420,I
12_LEESIDE_10421,A
12_LEESIDE_10443,A
12_LEESIDE_10451,J
12_LEESIDE_10472,H
12_LEESIDE_10596,A
12_LEESIDE_1060,I
12_LEESIDE_10603,I
12_LEESIDE_1061,J
12_LEESIDE_1064,D
12_LEESIDE_1065,E
12_LEESIDE_10723,F
12_LEESIDE_10727,J
12_LEESIDE_1094,B
12_LEESIDE_10957,G
12_LEESIDE_11089,B
12_LEESIDE_11141,I
12_LEESIDE_11152,G
12_LEESIDE_11213,J
12_LEESIDE_11214,A
12_LEESIDE_11219,A
12_LEESIDE_1135,I
12_LEESIDE_11456,J
12_LEESIDE_1174,A
12_LEESIDE_1178,F
12_LEESIDE_1180,A
12_LEESIDE_11825,H
12_LEESIDE_11826,J
12_LEESIDE_11827,I
12_LEESIDE_11828,J
12_LEESIDE_11888,A
123,E
13_TARMSWORTH_10058,F
13_TARMSWORTH_10062,A
13_TARMSWORTH_10236,E
13_TARMSWORTH_1024,I
13_TARMSWORTH_10266,I
13_TARMSWORTH_10420,E
13_TARMSWORTH_10421,H
13_TARMSWORTH_10443,F
13_TARMSWORTH_10451,I
13_TARMSWORTH_10472,B
13_TARMSWORTH_10596,E
13_TARMSWORTH_1060,D
13_TARMSWORTH_1064,J
13_TARMSWORTH_10723,A
13_TARMSWORTH_10727,G
13_TARMSWORTH_1094,I
13_TARMSWORTH_10957,B
13_TARMSWORTH_11141,J
13_TARMSWORTH_11213,C
13_TARMSWORTH_11214,H
13_TARMSWORTH_11219,H
13_TARMSWORTH_1135,G
13_TARMSWORTH_11456,D
13_TARMSWORTH_1174,J
13_TARMSWORTH_1178,J
13_TARMSWORTH_1180,I
13_TARMSWORTH_11825,I
13_TARMSWORTH_11826,E
13_TARMSWORTH_11827,E
13_TARMSWORTH_11828,J
14_BROMWICH_1004,J
14_BROMWICH_10058,D
14_BROMWICH_10062,A
14_BROMWICH_1019,E
14_BROMWICH_10236,I
14_BROMWICH_10238,A
14_BROMWICH_10239,H
14_BROMWICH_1024,C
14_BROMWICH_10266,H
14_BROMWICH_10296,F
14_BROMWICH_1036,H
14_BROMWICH_10420,F
14_BROMWICH_10421,D
14_BROMWICH_10441,H
14_BROMWICH_10443,C
14_BROMWICH_10451,J
14_BROMWICH_10453,D
14_BROMWICH_10472,C
14_BROMWICH_10579,E
14_BROMWICH_10596,I
14_BROMWICH_1060,A
14_BROMWICH_1061,C
14_BROMWICH_10626,J
14_BROMWICH_1064,C
14_BROMWICH_1065,C
14_BROMWICH_10680,D
14_BROMWICH_10723,B
14_BROMWICH_10727,E
14_BROMWICH_10874,B
14_BROMWICH_10927,J
14_BROMWICH_1094,G
14_BROMWICH_10957,F
14_BROMWICH_11067,D
14_BROMWICH_11089,G
14_BROMWICH_11141,I
14_BROMWICH_11152,E
14_BROMWICH_11196,H
14_BROMWICH_11213,B
14_BROMWICH_11214,F
14_BROMWICH_11219,D
14_BROMWICH_1135,C
14_BROMWICH_11367,H
14_BROMWICH_11440,C
14_BROMWICH_11488,B
14_BROMWICH_1168,F
14_BROMWICH_1174,D
14_BROMWICH_1178,E
14_BROMWICH_1180,G
14_BROMWICH_11825,D
14_BROMWICH_11826,D
14_BROMWICH_11827,G
14_BROMWICH_11828,E
14_BROMWICH_11888,B
15_WANBORNE_1004,E
15_WANBORNE_1005,E
15_WANBORNE_10058,B
15_WANBORNE_10062,G
15_WANBORNE_1019,G
15_WANBORNE_1022,J
15_WANBORNE_10236,H
15_WANBORNE_10238,C
15_WANBORNE_10239,I
15_WANBORNE_1024,A
15_WANBORNE_10254,F
15_WANBORNE_10266,F
15_WANBORNE_10296,A
15_WANBORNE_1031,I
15_WANBORNE_1036,A
15_WANBORNE_1037,G
15_WANBORNE_10420,D
15_WANBORNE_10421,J
15_WANBORNE_10441,J
15_WANBORNE_10443,B
15_WANBORNE_10451,G
15_WANBORNE_10453,J
15_WANBORNE_10469,B
15_WANBORNE_10472,I
15_WANBORNE_10579,H
15_WANBORNE_10596,B
15_WANBORNE_1060,J
15_WANBORNE_10603,E
15_WANBORNE_10609,H
15_WANBORNE_1061,D
15_WANBORNE_10626,B
15_WANBORNE_1064,F
15_WANBORNE_1065,I
15_WANBORNE_10680,E
15_WANBORNE_10723,I
15_WANBORNE_10727,J
15_WANBORNE_10874,C
15_WANBORNE_10895,A
15_WANBORNE_10927,D
15_WANBORNE_1094,H
15_WANBORNE_10957,J
15_WANBORNE_11067,I
15_WANBORNE_11089,A
15_WANBORNE_1112,J
15_WANBORNE_11141,B
15_WANBORNE_11152,C
15_WANBORNE_11196,J
15_WANBORNE_11199,F
15_WANBORNE_11213,C
15_WANBORNE_11214,F
15_WANBORNE_11219,C
15_WANBORNE_11227,E
15_WANBORNE_11238,J
15_WANBORNE_11310,D
15_WANBORNE_11320,B
15_WANBORNE_1133,E
15_WANBORNE_1135,H
15_WANBORNE_11353,E
15_WANBORNE_11354,A
15_WANBORNE_11367,I
15_WANBORNE_11414,B
15_WANBORNE_11440,B
15_WANBORNE_11449,G
15_WANBORNE_11456,F
15_WANBORNE_11480,D
15_WANBORNE_11488,B
15_WANBORNE_115,A
15_WANBORNE_1168,J
15_WANBORNE_11698,J
15_WANBORNE_1174,J
15_WANBORNE_1178,I
15_WANBORNE_1180,C
15_WANBORNE_11825,I
15_WANBORNE_11826,G
15_WANBORNE_11827,J
15_WANBORNE_11828,A
15_WANBORNE_1186,G
15_WANBORNE_11888,A
16_LUNDY_10058,J
16_LUNDY_10236,J
16_LUNDY_1024,H
16_LUNDY_10254,B
16_LUNDY_10266,J
16_LUNDY_10420,C
16_LUNDY_10421,C
16_LUNDY_10451,B
16_LUNDY_10472,J
16_LUNDY_10596,F
16_LUNDY_1060,A
16_LUNDY_10626,B
16_LUNDY_10723,I
16_LUNDY_10727,H
16_LUNDY_10957,C
16_LUNDY_11089,F
16_LUNDY_11141,F
16_LUNDY_11213,E
16_LUNDY_11214,F
16_LUNDY_11219,H
16_LUNDY_1135,A
16_LUNDY_11414,A
16_LUNDY_11440,C
16_LUNDY_11488,H
16_LUNDY_1174,D
16_LUNDY_1178,F
16_LUNDY_1180,G
16_LUNDY_11825,F
16_LUNDY_11826,I
16_LUNDY_11827,A
16_LUNDY_11828,F
17_OLDHAM_10058,G
17_OLDHAM_10236,A
17_OLDHAM_1024,G
17_OLDHAM_10254,I
17_OLDHAM_10266,A
17_OLDHAM_1036,J
17_OLDHAM_10420,A
17_OLDHAM_10421,G
17_OLDHAM_10443,J
17_OLDHAM_10451,D
17_OLDHAM_10472,A
17_OLDHAM_10596,B
17_OLDHAM_1060,B
17_OLDHAM_1064,C
17_OLDHAM_10723,G
17_OLDHAM_10727,B
17_OLDHAM_1094,G
17_OLDHAM_10957,D
17_OLDHAM_11089,I
17_OLDHAM_11141,H
17_OLDHAM_11213,B
17_OLDHAM_11214,B
17_OLDHAM_11219,C
17_OLDHAM_11414,I
17_OLDHAM_11440,G
17_OLDHAM_11456,F
17_OLDHAM_11488,E
17_OLDHAM_1174,C
17_OLDHAM_1178,F
17_OLDHAM_1180,F
17_OLDHAM_11825,B
17_OLDHAM_11826,F
17_OLDHAM_11827,B
17_OLDHAM_11828,E
17_OLDHAM_11888,F
18_FURNESS_10058,A
18_FURNESS_10236,B
18_FURNESS_10266,E
18_FURNESS_10296,H
18_FURNESS_10420,A
18_FURNESS_10421,B
18_FURNESS_10451,C
18_FURNESS_10453,D
18_FURNESS_10472,H
18_FURNESS_10596,F
18_FURNESS_1060,F
18_FURNESS_10723,H
18_FURNESS_10727,C
18_FURNESS_10957,D
18_FURNESS_11067,G
18_FURNESS_11141,H
18_FURNESS_11196,E
18_FURNESS_11213,E
18_FURNESS_11214,C
18_FURNESS_11219,I
18_FURNESS_11414,G
18_FURNESS_11440,C
18_FURNESS_11456,A
18_FURNESS_11488,A
18_FURNESS_1174,A
18_FURNESS_1178,H
18_FURNESS_1180,D
18_FURNESS_11825,J
18_FURNESS_11826,C
18_FURNESS_11827,H
18_FURNESS_11828,D
18_FURNESS_11888,E
19_WINTERVALE_1004,C
19_WINTERVALE_10058,J
19_WINTERVALE_10062,J
19_WINTERVALE_1019,E
19_WINTERVALE_10236,E
19_WINTERVALE_10238,D
19_WINTERVALE_10239,B
19_WINTERVALE_1024,A
19_WINTERVALE_10254,E
19_WINTERVALE_10266,B
19_WINTERVALE_10296,F
19_WINTERVALE_1036,H
19_WINTERVALE_10420,I
19_WINTERVALE_10421,C
19_WINTERVALE_10443,C
19_WINTERVALE_10451,H
19_WINTERVALE_10453,F
19_WINTERVALE_10472,I
19_WINTERVALE_10579,J
19_WINTERVALE_10596,G
19_WINTERVALE_1060,A
19_WINTERVALE_10609,G
19_WINTERVALE_1061,D
19_WINTERVALE_10626,B
19_WINTERVALE_1064,H
19_WINTERVALE_1065,I
19_WINTERVALE_10680,C
19_WINTERVALE_10723,H
19_WINTERVALE_10727,A
19_WINTERVALE_10874,I
19_WINTERVALE_10895,B
19_WINTERVALE_10927,B
19_WINTERVALE_1094,J
19_WINTERVALE_10957,J
19_WINTERVALE_11067,G
19_WINTERVALE_11089,G
19_WINTERVALE_11141,I
19_WINTERVALE_11196,C
19_WINTERVALE_11213,H
19_WINTERVALE_11214,E
19_WINTERVALE_11219,C
19_WINTERVALE_11238,F
19_WINTERVALE_1135,I
19_WINTERVALE_11367,I
19_WINTERVALE_11414,E
19_WINTERVALE_11440,D
19_WINTERVALE_11456,A
19_WINTERVALE_11488,F
19_WINTERVALE_115,J
19_WINTERVALE_1174,H
19_WINTERVALE_1178,J
19_WINTERVALE_1180,D
19_WINTERVALE_11825,B
19_WINTERVALE_11826,A
19_WINTERVALE_11827,B
19_WINTERVALE_11828,F
19_WINTERVALE_1186,F
19_WINTERVALE_11888,A
2_ASHBORNE_1004,D
2_ASHBORNE_10058,G
2_ASHBORNE_1019,D
2_ASHBORNE_10236,D
2_ASHBORNE_10239,A
2_ASHBORNE_1024,G
2_ASHBORNE_10254,G
2_ASHBORNE_10266,E
2_ASHBORNE_10296,C
2_ASHBORNE_1036,H
2_ASHBORNE_10420,J
2_ASHBORNE_10421,E
2_ASHBORNE_10441,E
2_ASHBORNE_10443,C
2_ASHBORNE_10451,F
2_ASHBORNE_10453,C
2_ASHBORNE_10472,A
2_ASHBORNE_10579,B
2_ASHBORNE_10596,D
2_ASHBORNE_1060,D
2_ASHBORNE_10609,D
2_ASHBORNE_1061,H
2_ASHBORNE_10626,E
2_ASHBORNE_1064,E
2_ASHBORNE_1065,C
2_ASHBORNE_10723,F
2_ASHBORNE_10727,G
2_ASHBORNE_10874,C
2_ASHBORNE_10895,J
2_ASHBORNE_1094,I
2_ASHBORNE_10957,E
2_ASHBORNE_11067,A
2_ASHBORNE_11089,C
2_ASHBORNE_11141,G
2_ASHBORNE_11196,J
2_ASHBORNE_11200,B
2_ASHBORNE_11213,E
2_ASHBORNE_11214,G
2_ASHBORNE_11219,A
2_ASHBORNE_11238,B
2_ASHBORNE_1135,F
2_ASHBORNE_11367,A
2_ASHBORNE_11414,C
2_ASHBORNE_11456,F
2_ASHBORNE_11488,D
2_ASHBORNE_115,G
2_ASHBORNE_1168,E
2_ASHBORNE_11698,B
2_ASHBORNE_1174,G
2_ASHBORNE_11771,G
2_ASHBORNE_1178,C
2_ASHBORNE_1180,D
2_ASHBORNE_11825,F
2_ASHBORNE_11826,I
2_ASHBORNE_11827,H
2_ASHBORNE_11828,B
2_ASHBORNE_1186,C
2_ASHBORNE_11888,D
20_BREDWARDINE_1004,F
20_BREDWARDINE_10058,D
20_BREDWARDINE_1019,J
20_BREDWARDINE_10239,C
20_BREDWARDINE_1024,A
20_BREDWARDINE_10254,I
20_BREDWARDINE_10266,G
20_BREDWARDINE_1036,B
20_BREDWARDINE_10420,I
20_BREDWARDINE_10421,I
20_BREDWARDINE_10443,E
20_BREDWARDINE_10451,G
20_BREDWARDINE_10472,I
20_BREDWARDINE_10579,J
20_BREDWARDINE_10596,D
20_BREDWARDINE_1060,B
20_BREDWARDINE_10609,A
20_BREDWARDINE_1061,A
20_BREDWARDINE_1064,A
20_BREDWARDINE_1065,I
20_BREDWARDINE_10723,G
20_BREDWARDINE_10727,G
20_BREDWARDINE_10895,C
20_BREDWARDINE_1094,D
20_BREDWARDINE_10957,D
20_BREDWARDINE_11089,G
20_BREDWARDINE_11141,B
20_BREDWARDINE_11196,G
20_BREDWARDINE_11213,A
20_BREDWARDINE_11214,B
20_BREDWARDINE_11219,A
20_BREDWARDINE_1135,E
20_BREDWARDINE_11354,A
20_BREDWARDINE_11414,C
20_BREDWARDINE_11440,C
20_BREDWARDINE_11456,I
20_BREDWARDINE_11480,C
20_BREDWARDINE_11488,E
20_BREDWARDINE_1174,G
20_BREDWARDINE_1178,A
20_BREDWARDINE_1180,B
20_BREDWARDINE_11825,D
20_BREDWARDINE_11826,A
20_BREDWARDINE_11827,F
20_BREDWARDINE_11828,G
20_BREDWARDINE_1186,B
20_BREDWARDINE_11888,I
21_BALERNO_1004,E
21_BALERNO_10058,G
21_BALERNO_10062,D
21_BALERNO_1019,D
21_BALERNO_10236,B
21_BALERNO_10238,G
21_BALERNO_10239,E
21_BALERNO_1024,G
21_BALERNO_10254,H
21_BALERNO_10266,E
21_BALERNO_10296,I
21_BALERNO_1036,C
21_BALERNO_10420,H
21_BALERNO_10421,F
21_BALERNO_10441,F
21_BALERNO_10443,J
21_BALERNO_10451,H
21_BALERNO_10453,E
21_BALERNO_10472,G
21_BALERNO_10579,F
21_BALERNO_10596,J
21_BALERNO_1060,F
21_BALERNO_10609,B
21_BALERNO_1061,A
21_BALERNO_10626,D
21_BALERNO_1064,E
21_BALERNO_1065,B
21_BALERNO_10680,G
21_BALERNO_10723,I
21_BALERNO_10727,E
21_BALERNO_10750,J
21_BALERNO_10874,C
21_BALERNO_10927,G
21_BALERNO_1094,G
21_BALERNO_10957,D
21_BALERNO_11067,B
21_BALERNO_11089,H
21_BALERNO_11141,E
21_BALERNO_11152,G
21_BALERNO_11196,H
21_BALERNO_11213,J
21_BALERNO_11214,D
21_BALERNO_11219,D
21_BALERNO_11227,H
21_BALERNO_11238,G
21_BALERNO_11320,B
21_BALERNO_1135,B
21_BALERNO_11354,D
21_BALERNO_11367,G
21_BALERNO_11414,D
21_BALERNO_11440,C
21_BALERNO_11449,B
21_BALERNO_11456,A
21_BALERNO_11488,F
21_BALERNO_115,B
21_BALERNO_1168,C
21_BALERNO_11698,H
21_BALERNO_1174,D
21_BALERNO_11771,H
21_BALERNO_1178,J
21_BALERNO_1180,C
21_BALERNO_11825,C
21_BALERNO_11826,H
21_BALERNO_11827,D
21_BALERNO_11828,J
21_BALERNO_1186,E
21_BALERNO_11888,D
22_SHARNWICK_1004,G
22_SHARNWICK_10058,A
22_SHARNWICK_1013,A
22_SHARNWICK_1019,A
22_SHARNWICK_10236,I
22_SHARNWICK_10238,B
22_SHARNWICK_1024,B
22_SHARNWICK_10266,D
22_SHARNWICK_1036,J
22_SHARNWICK_10420,B
22_SHARNWICK_10421,D
22_SHARNWICK_10443,G
22_SHARNWICK_10451,D
22_SHARNWICK_10453,J
22_SHARNWICK_10472,I
22_SHARNWICK_10579,F
22_SHARNWICK_10596,E
22_SHARNWICK_1060,A
22_SHARNWICK_10603,B
22_SHARNWICK_10609,I
22_SHARNWICK_1061,H
22_SHARNWICK_10626,A
22_SHARNWICK_1064,I
22_SHARNWICK_1065,E
22_SHARNWICK_10723,B
22_SHARNWICK_10727,G
22_SHARNWICK_10874,C
22_SHARNWICK_10927,D
22_SHARNWICK_1094,C
22_SHARNWICK_10957,D
22_SHARNWICK_11067,E
22_SHARNWICK_11089,E
22_SHARNWICK_11141,I
22_SHARNWICK_11152,J
22_SHARNWICK_11196,I
22_SHARNWICK_11199,A
22_SHARNWICK_11213,B
22_SHARNWICK_11214,C
22_SHARNWICK_11219,D
22_SHARNWICK_1135,E
22_SHARNWICK_11440,J
22_SHARNWICK_11449,B
22_SHARNWICK_11456,A
22_SHARNWICK_11488,J
22_SHARNWICK_115,D
22_SHARNWICK_1174,B
22_SHARNWICK_1178,J
22_SHARNWICK_1180,D
22_SHARNWICK_11825,B
22_SHARNWICK_11826,D
22_SHARNWICK_11827,E
22_SHARNWICK_11828,I
22_SHARNWICK_11888,B
23_ARBINGTON_1004,E
23_ARBINGTON_10058,E
23_ARBINGTON_1006,G
23_ARBINGTON_10062,H
23_ARBINGTON_1019,F
23_ARBINGTON_10236,B
23_ARBINGTON_10238,I
23_ARBINGTON_10239,I
23_ARBINGTON_1024,B
23_ARBINGTON_10254,E
23_ARBINGTON_10266,E
23_ARBINGTON_10296,H
23_ARBINGTON_1031,H
23_ARBINGTON_1036,C
23_ARBINGTON_1037,B
23_ARBINGTON_10420,D
23_ARBINGTON_10421,B
23_ARBINGTON_10441,C
23_ARBINGTON_10443,D
23_ARBINGTON_10451,F
23_ARBINGTON_10453,E
23_ARBINGTON_10472,E
23_ARBINGTON_1051,E
23_ARBINGTON_10579,A
23_ARBINGTON_10596,G
23_ARBINGTON_1060,C
23_ARBINGTON_10603,J
23_ARBINGTON_10609,H
23_ARBINGTON_1061,D
23_ARBINGTON_10626,D
23_ARBINGTON_1064,C
23_ARBINGTON_1065,A
23_ARBINGTON_10680,I
23_ARBINGTON_10723,D
23_ARBINGTON_10727,E
23_ARBINGTON_10874,F
23_ARBINGTON_10895,F
23_ARBINGTON_10927,I
23_ARBINGTON_1094,J
23_ARBINGTON_10957,D
23_ARBINGTON_11067,F
23_ARBINGTON_11089,F
23_ARBINGTON_11141,H
23_ARBINGTON_11152,A
23_ARBINGTON_11196,G
23_ARBINGTON_11199,G
23_ARBINGTON_11200,B
23_ARBINGTON_11213,H
23_ARBINGTON_11214,I
23_ARBINGTON_11219,B
23_ARBINGTON_11227,E
23_ARBINGTON_11238,D
23_ARBINGTON_11320,C
23_ARBINGTON_1133,B
23_ARBINGTON_1135,G
23_ARBINGTON_11353,I
23_ARBINGTON_11367,B
23_ARBINGTON_11414,C
23_ARBINGTON_11440,F
23_ARBINGTON_11449,G
23_ARBINGTON_11456,G
23_ARBINGTON_11480,I
23_ARBINGTON_11488,A
23_ARBINGTON_115,I
23_ARBINGTON_11698,A
23_ARBINGTON_1174,H
23_ARBINGTON_1178,C
23_ARBINGTON_1180,B
23_ARBINGTON_11825,J
23_ARBINGTON_11826,A
23_ARBINGTON_11827,C
23_ARBINGTON_11828,C
23_ARBINGTON_1186,C
23_ARBINGTON_11888,D
24_PALPERROTH_10058,D
24_PALPERROTH_10236,G
24_PALPERROTH_1024,E
24_PALPERROTH_10254,G
24_PALPERROTH_10266,I
24_PALPERROTH_1036,C
24_PALPERROTH_10420,G
24_PALPERROTH_10421,H
24_PALPERROTH_10451,E
24_PALPERROTH_10472,J
24_PALPERROTH_10596,E
24_PALPERROTH_1060,H
24_PALPERROTH_1061,D
24_PALPERROTH_10626,E
24_PALPERROTH_1065,D
24_PALPERROTH_10723,C
24_PALPERROTH_10727,A
24_PALPERROTH_10895,I
24_PALPERROTH_1094,F
24_PALPERROTH_10957,I
24_PALPERROTH_11067,B
24_PALPERROTH_11141,H
24_PALPERROTH_11152,I
24_PALPERROTH_11213,C
24_PALPERROTH_11214,F
24_PALPERROTH_11219,C
24_PALPERROTH_1135,J
24_PALPERROTH_1174,F
24_PALPERROTH_1178,H
24_PALPERROTH_1180,H
24_PALPERROTH_11825,A
24_PALPERROTH_11826,A
24_PALPERROTH_11827,C
24_PALPERROTH_11828,A
24_PALPERROTH_11888,A
25_CAERSHIRE_1004,E
25_CAERSHIRE_10058,B
25_CAERSHIRE_1019,D
25_CAERSHIRE_10236,J
25_CAERSHIRE_10238,G
25_CAERSHIRE_10239,H
25_CAERSHIRE_1024,I
25_CAERSHIRE_10266,C
25_CAERSHIRE_10296,F
25_CAERSHIRE_1036,F
25_CAERSHIRE_10420,E
25_CAERSHIRE_10421,G
25_CAERSHIRE_10441,C
25_CAERSHIRE_10443,I
25_CAERSHIRE_10451,E
25_CAERSHIRE_10453,I
25_CAERSHIRE_10469,B
25_CAERSHIRE_10472,E
25_CAERSHIRE_10579,D
25_CAERSHIRE_10596,H
25_CAERSHIRE_1060,A
25_CAERSHIRE_10609,B
25_CAERSHIRE_1061,J
25_CAERSHIRE_10626,G
25_CAERSHIRE_1064,I
25_CAERSHIRE_1065,J
25_CAERSHIRE_10723,B
25_CAERSHIRE_10727,J
25_CAERSHIRE_10874,F
25_CAERSHIRE_10927,J
25_CAERSHIRE_1094,E
25_CAERSHIRE_10957,D
25_CAERSHIRE_11089,J
25_CAERSHIRE_1112,E
25_CAERSHIRE_11141,D
25_CAERSHIRE_11196,F
25_CAERSHIRE_11199,B
25_CAERSHIRE_11200,J
25_CAERSHIRE_11213,F
25_CAERSHIRE_11214,H
25_CAERSHIRE_11219,F
25_CAERSHIRE_11227,B
25_CAERSHIRE_11238,D
25_CAERSHIRE_11320,C
25_CAERSHIRE_1135,A
25_CAERSHIRE_11456,D
25_CAERSHIRE_11488,A
25_CAERSHIRE_115,H
25_CAERSHIRE_1168,E
25_CAERSHIRE_1174,C
25_CAERSHIRE_1178,B
25_CAERSHIRE_1180,H
25_CAERSHIRE_11825,C
25_CAERSHIRE_11826,F
25_CAERSHIRE_11827,J
25_CAERSHIRE_11828,I
25_CAERSHIRE_1186,B
25_CAERSHIRE_11888,E
"26_KNIFE'S EDGE_10058",D
"26_KNIFE'S EDGE_1013",I
"26_KNIFE'S EDGE_10236",J
"26_KNIFE'S EDGE_10266",B
"26_KNIFE'S EDGE_10420",J
"26_KNIFE'S EDGE_10421",J
"26_KNIFE'S EDGE_10443",I
"26_KNIFE'S EDGE_10451",G
"26_KNIFE'S EDGE_10472",J
"26_KNIFE'S EDGE_10596",C
"26_KNIFE'S EDGE_10626",C
"26_KNIFE'S EDGE_10723",A
"26_KNIFE'S EDGE_10727",A
"26_KNIFE'S EDGE_10957",H
"26_KNIFE'S EDGE_11141",F
"26_KNIFE'S EDGE_11213",D
"26_KNIFE'S EDGE_11219",A
"26_KNIFE'S EDGE_11414",I
"26_KNIFE'S EDGE_11440",B
"26_KNIFE'S EDGE_11488",F
"26_KNIFE'S EDGE_1174",A
"26_KNIFE'S EDGE_1178",F
"26_KNIFE'S EDGE_1180",E
"26_KNIFE'S EDGE_11825",H
"26_KNIFE'S EDGE_11826",I
"26_KNIFE'S EDGE_11827",D
"26_KNIFE'S EDGE_11828",C
27_MOUNTMEND_1004,E
27_MOUNTMEND_10058,G
27_MOUNTMEND_1012,I
27_MOUNTMEND_10236,I
27_MOUNTMEND_10239,I
27_MOUNTMEND_1024,A
27_MOUNTMEND_10254,F
27_MOUNTMEND_10266,B
27_MOUNTMEND_1036,C
27_MOUNTMEND_10420,B
27_MOUNTMEND_10421,H
27_MOUNTMEND_10443,I
27_MOUNTMEND_10451,J
27_MOUNTMEND_10453,A
27_MOUNTMEND_10472,I
27_MOUNTMEND_10579,G
27_MOUNTMEND_10596,H
27_MOUNTMEND_1060,I
27_MOUNTMEND_10609,D
27_MOUNTMEND_1061,H
27_MOUNTMEND_10626,B
27_MOUNTMEND_1064,D
27_MOUNTMEND_1065,F
27_MOUNTMEND_10723,I
27_MOUNTMEND_10727,J
27_MOUNTMEND_10874,E
27_MOUNTMEND_10957,F
27_MOUNTMEND_11141,D
27_MOUNTMEND_11152,J
27_MOUNTMEND_11196,F
27_MOUNTMEND_11213,J
27_MOUNTMEND_11214,F
27_MOUNTMEND_11219,J
27_MOUNTMEND_1135,F
27_MOUNTMEND_11414,H
27_MOUNTMEND_11440,C
27_MOUNTMEND_11488,J
27_MOUNTMEND_1174,J
27_MOUNTMEND_1178,D
27_MOUNTMEND_1180,D
27_MOUNTMEND_11825,A
27_MOUNTMEND_11826,B
27_MOUNTMEND_11827,J
27_MOUNTMEND_11828,J
27_MOUNTMEND_11888,H
28_LARNWICK_10058,H
28_LARNWICK_1024,H
28_LARNWICK_10420,C
28_LARNWICK_10421,A
28_LARNWICK_10451,D
28_LARNWICK_10472,F
28_LARNWICK_1060,F
28_LARNWICK_10626,J
28_LARNWICK_11067,G
28_LARNWICK_11141,I
28_LARNWICK_11214,I
28_LARNWICK_11219,I
28_LARNWICK_11367,D
28_LARNWICK_11488,J
28_LARNWICK_1174,F
28_LARNWICK_1178,J
28_LARNWICK_1180,A
28_LARNWICK_11825,D
28_LARNWICK_11826,C
28_LARNWICK_11828,E
29_AYLESBURY_10058,H
29_AYLESBURY_10236,G
29_AYLESBURY_1024,G
29_AYLESBURY_10420,G
29_AYLESBURY_10421,F
29_AYLESBURY_10443,I
29_AYLESBURY_10451,F
29_AYLESBURY_10472,J
29_AYLESBURY_10596,A
29_AYLESBURY_1060,B
29_AYLESBURY_10723,C
29_AYLESBURY_10727,I
29_AYLESBURY_10895,G
29_AYLESBURY_10957,F
29_AYLESBURY_11067,E
29_AYLESBURY_11141,C
29_AYLESBURY_11213,H
29_AYLESBURY_11214,I
29_AYLESBURY_11219,D
29_AYLESBURY_11488,D
29_AYLESBURY_1174,B
29_AYLESBURY_1178,A
29_AYLESBURY_1180,C
29_AYLESBURY_11825,A
29_AYLESBURY_11826,H
29_AYLESBURY_11827,A
29_AYLESBURY_11828,H
3_HORNSEY_10236,B
3_HORNSEY_11067,D
3_HORNSEY_11213,H
3_HORNSEY_11214,E
3_HORNSEY_11219,A
3_HORNSEY_11480,E
30_CULCHETH_1004,H
30_CULCHETH_10058,A
30_CULCHETH_10062,J
30_CULCHETH_1019,F
30_CULCHETH_10236,I
30_CULCHETH_10238,J
30_CULCHETH_10239,A
30_CULCHETH_1024,E
30_CULCHETH_10254,D
30_CULCHETH_10266,E
30_CULCHETH_10296,D
30_CULCHETH_1036,D
30_CULCHETH_10420,A
30_CULCHETH_10421,F
30_CULCHETH_10443,H
30_CULCHETH_10451,G
30_CULCHETH_10453,B
30_CULCHETH_10469,A
30_CULCHETH_10472,E
30_CULCHETH_10579,C
30_CULCHETH_10596,J
30_CULCHETH_1060,H
30_CULCHETH_10603,G
30_CULCHETH_10609,B
30_CULCHETH_1061,A
30_CULCHETH_10626,A
30_CULCHETH_1064,H
30_CULCHETH_10676,C
30_CULCHETH_10723,G
30_CULCHETH_10727,C
30_CULCHETH_10750,B
30_CULCHETH_10874,G
30_CULCHETH_10895,D
30_CULCHETH_1094,B
30_CULCHETH_10957,F
30_CULCHETH_11067,F
30_CULCHETH_11089,I
30_CULCHETH_11141,E
30_CULCHETH_11196,J
30_CULCHETH_11213,E
30_CULCHETH_11214,B
30_CULCHETH_11219,A
30_CULCHETH_1135,A
30_CULCHETH_11354,F
30_CULCHETH_11414,D
30_CULCHETH_11456,C
30_CULCHETH_11480,D
30_CULCHETH_11488,D
30_CULCHETH_1174,E
30_CULCHETH_1178,H
30_CULCHETH_1180,D
30_CULCHETH_11825,A
30_CULCHETH_11826,G
30_CULCHETH_11827,B
30_CULCHETH_11828,G
30_CULCHETH_1186,A
30_CULCHETH_11888,B
31_HORNSEY_1004,A
31_HORNSEY_10058,I
31_HORNSEY_10062,E
31_HORNSEY_10236,E
31_HORNSEY_1024,B
31_HORNSEY_10254,E
31_HORNSEY_10266,E
31_HORNSEY_1036,I
31_HORNSEY_10420,D
31_HORNSEY_10421,J
31_HORNSEY_10443,D
31_HORNSEY_10451,C
31_HORNSEY_10453,I
31_HORNSEY_10472,I
31_HORNSEY_10579,B
31_HORNSEY_10596,A
31_HORNSEY_1060,D
31_HORNSEY_1061,D
31_HORNSEY_1064,H
31_HORNSEY_1065,E
31_HORNSEY_10723,A
31_HORNSEY_10727,E
31_HORNSEY_1094,G
31_HORNSEY_10957,G
31_HORNSEY_11141,C
31_HORNSEY_11196,C
31_HORNSEY_11213,H
31_HORNSEY_11214,F
31_HORNSEY_11219,C
31_HORNSEY_11320,A
31_HORNSEY_1135,I
31_HORNSEY_11414,I
31_HORNSEY_11456,G
31_HORNSEY_11488,D
31_HORNSEY_115,C
31_HORNSEY_1168,J
31_HORNSEY_1174,D
31_HORNSEY_1178,G
31_HORNSEY_1180,G
31_HORNSEY_11825,J
31_HORNSEY_11826,C
31_HORNSEY_11827,H
31_HORNSEY_11828,B
31_HORNSEY_1186,G
32_MOUNTMEND_1004,A
32_MOUNTMEND_10058,F
32_MOUNTMEND_10062,I
32_MOUNTMEND_1019,I
32_MOUNTMEND_10236,A
32_MOUNTMEND_10238,E
32_MOUNTMEND_10239,F
32_MOUNTMEND_1024,E
32_MOUNTMEND_10266,I
32_MOUNTMEND_10296,J
32_MOUNTMEND_1036,D
32_MOUNTMEND_1039,J
32_MOUNTMEND_10420,F
32_MOUNTMEND_10421,F
32_MOUNTMEND_10443,F
32_MOUNTMEND_10451,J
32_MOUNTMEND_10453,G
32_MOUNTMEND_10472,B
32_MOUNTMEND_10579,A
32_MOUNTMEND_10596,I
32_MOUNTMEND_1060,E
32_MOUNTMEND_10609,J
32_MOUNTMEND_1061,F
32_MOUNTMEND_10626,E
32_MOUNTMEND_1064,F
32_MOUNTMEND_1065,I
32_MOUNTMEND_10723,E
32_MOUNTMEND_10727,C
32_MOUNTMEND_10874,B
32_MOUNTMEND_10927,F
32_MOUNTMEND_1094,G
32_MOUNTMEND_10957,B
32_MOUNTMEND_11067,I
32_MOUNTMEND_11089,F
32_MOUNTMEND_11141,G
32_MOUNTMEND_11152,I
32_MOUNTMEND_11196,J
32_MOUNTMEND_11200,A
32_MOUNTMEND_11213,A
32_MOUNTMEND_11214,B
32_MOUNTMEND_11219,H
32_MOUNTMEND_11320,G
32_MOUNTMEND_1135,D
32_MOUNTMEND_11354,C
32_MOUNTMEND_11367,C
32_MOUNTMEND_11414,A
32_MOUNTMEND_11456,A
32_MOUNTMEND_11480,B
32_MOUNTMEND_11488,F
32_MOUNTMEND_115,B
32_MOUNTMEND_1168,H
32_MOUNTMEND_1174,G
32_MOUNTMEND_11771,G
32_MOUNTMEND_1178,J
32_MOUNTMEND_1180,H
32_MOUNTMEND_11825,F
32_MOUNTMEND_11826,F
32_MOUNTMEND_11827,A
32_MOUNTMEND_11828,H
32_MOUNTMEND_1186,E
32_MOUNTMEND_11888,E
33_HORNSEY_1004,J
33_HORNSEY_10058,G
33_HORNSEY_10062,A
33_HORNSEY_1019,E
33_HORNSEY_1021,F
33_HORNSEY_1022,A
33_HORNSEY_10236,B
33_HORNSEY_10238,E
33_HORNSEY_10239,E
33_HORNSEY_1024,A
33_HORNSEY_10254,G
33_HORNSEY_10264,J
33_HORNSEY_10266,D
33_HORNSEY_10296,F
33_HORNSEY_1036,J
33_HORNSEY_10420,D
33_HORNSEY_10421,I
33_HORNSEY_10441,A
33_HORNSEY_10443,F
33_HORNSEY_10451,F
33_HORNSEY_10453,J
33_HORNSEY_10472,D
33_HORNSEY_10579,E
33_HORNSEY_10596,J
33_HORNSEY_1060,J
33_HORNSEY_10609,C
33_HORNSEY_1061,F
33_HORNSEY_10626,F
33_HORNSEY_1064,C
33_HORNSEY_1065,I
33_HORNSEY_10680,H
33_HORNSEY_10723,F
33_HORNSEY_10727,J
33_HORNSEY_10874,F
33_HORNSEY_10927,H
33_HORNSEY_1094,F
33_HORNSEY_10957,E
33_HORNSEY_11089,J
33_HORNSEY_11141,E
33_HORNSEY_11152,E
33_HORNSEY_11196,C
33_HORNSEY_11199,C
33_HORNSEY_11213,I
33_HORNSEY_11214,I
33_HORNSEY_11219,A
33_HORNSEY_11227,D
33_HORNSEY_11238,H
33_HORNSEY_1135,G
33_HORNSEY_11353,G
33_HORNSEY_11367,H
33_HORNSEY_11414,A
33_HORNSEY_11440,H
33_HORNSEY_11449,J
33_HORNSEY_11456,F
33_HORNSEY_11480,C
33_HORNSEY_11488,G
33_HORNSEY_115,B
33_HORNSEY_1168,J
33_HORNSEY_11698,G
33_HORNSEY_1174,J
33_HORNSEY_1178,C
33_HORNSEY_1180,H
33_HORNSEY_11825,G
33_HORNSEY_11826,J
33_HORNSEY_11827,F
33_HORNSEY_11828,I
33_HORNSEY_1186,H
33_HORNSEY_11888,D
34_PITMERDEN_1004,B
34_PITMERDEN_1005,C
34_PITMERDEN_10058,H
34_PITMERDEN_10062,H
34_PITMERDEN_1009,A
34_PITMERDEN_1012,G
34_PITMERDEN_1013,J
34_PITMERDEN_1019,F
34_PITMERDEN_1021,E
34_PITMERDEN_1022,H
34_PITMERDEN_10236,C
34_PITMERDEN_10238,B
34_PITMERDEN_10239,C
34_PITMERDEN_1024,H
34_PITMERDEN_10254,B
34_PITMERDEN_10264,C
34_PITMERDEN_10266,C
34_PITMERDEN_1029,A
34_PITMERDEN_10296,C
34_PITMERDEN_1031,I
34_PITMERDEN_1036,D
34_PITMERDEN_10420,A
34_PITMERDEN_10421,B
34_PITMERDEN_10441,I
34_PITMERDEN_10443,F
34_PITMERDEN_10451,C
34_PITMERDEN_10453,I
34_PITMERDEN_10469,F
34_PITMERDEN_10472,D
34_PITMERDEN_10579,I
34_PITMERDEN_10596,J
34_PITMERDEN_1060,E
34_PITMERDEN_10603,E
34_PITMERDEN_10609,H
34_PITMERDEN_1061,J
34_PITMERDEN_10626,B
34_PITMERDEN_1064,H
34_PITMERDEN_1065,A
34_PITMERDEN_10676,H
34_PITMERDEN_10680,J
34_PITMERDEN_10723,I
34_PITMERDEN_10727,C
34_PITMERDEN_10750,H
34_PITMERDEN_10874,G
34_PITMERDEN_10895,G
34_PITMERDEN_10927,B
34_PITMERDEN_1094,J
34_PITMERDEN_10957,J
34_PITMERDEN_11067,F
34_PITMERDEN_11089,H
34_PITMERDEN_1112,F
34_PITMERDEN_11141,F
34_PITMERDEN_11152,D
34_PITMERDEN_11196,F
34_PITMERDEN_11199,J
34_PITMERDEN_11200,J
34_PITMERDEN_11213,C
34_PITMERDEN_11214,I
34_PITMERDEN_11219,F
34_PITMERDEN_11227,F
34_PITMERDEN_11238,F
34_PITMERDEN_11310,D
34_PITMERDEN_11320,D
34_PITMERDEN_1133,C
34_PITMERDEN_1135,J
34_PITMERDEN_11353,A
34_PITMERDEN_11354,A
34_PITMERDEN_11367,F
34_PITMERDEN_11414,C
34_PITMERDEN_11440,A
34_PITMERDEN_11449,A
34_PITMERDEN_11456,G
34_PITMERDEN_11480,D
34_PITMERDEN_11488,H
34_PITMERDEN_115,B
34_PITMERDEN_1168,B
34_PITMERDEN_11698,B
34_PITMERDEN_1174,G
34_PITMERDEN_11771,A
34_PITMERDEN_1178,I
34_PITMERDEN_1180,C
34_PITMERDEN_11825,B
34_PITMERDEN_11826,A
34_PITMERDEN_11827,C
34_PITMERDEN_11828,I
34_PITMERDEN_1186,I
34_PITMERDEN_11888,C
35_HALIVAARA_10058,F
35_HALIVAARA_10236,J
35_HALIVAARA_10238,F
35_HALIVAARA_1024,A
35_HALIVAARA_10266,J
35_HALIVAARA_10420,B
35_HALIVAARA_10421,A
35_HALIVAARA_10443,J
35_HALIVAARA_10451,J
35_HALIVAARA_10472,H
35_HALIVAARA_10579,F
35_HALIVAARA_10596,E
35_HALIVAARA_1060,A
35_HALIVAARA_1064,A
35_HALIVAARA_10723,G
35_HALIVAARA_10727,G
35_HALIVAARA_1094,F
35_HALIVAARA_10957,E
35_HALIVAARA_11089,A
35_HALIVAARA_11141,H
35_HALIVAARA_11196,E
35_HALIVAARA_11213,F
35_HALIVAARA_11214,I
35_HALIVAARA_11219,B
35_HALIVAARA_1133,C
35_HALIVAARA_1168,I
35_HALIVAARA_1174,G
35_HALIVAARA_1178,H
35_HALIVAARA_1180,F
35_HALIVAARA_11825,J
35_HALIVAARA_11826,F
35_HALIVAARA_11827,H
35_HALIVAARA_11828,I
36_LEWES_10058,B
36_LEWES_1024,H
36_LEWES_10254,G
36_LEWES_10266,E
36_LEWES_10420,A
36_LEWES_10421,H
36_LEWES_10451,F
36_LEWES_10453,G
36_LEWES_10472,E
36_LEWES_10596,E
36_LEWES_1060,H
36_LEWES_10723,E
36_LEWES_10727,I
36_LEWES_10874,C
36_LEWES_10957,D
36_LEWES_11141,H
36_LEWES_11213,E
36_LEWES_11219,D
36_LEWES_11414,H
36_LEWES_11488,F
36_LEWES_115,F
36_LEWES_1174,G
36_LEWES_1178,C
36_LEWES_1180,E
36_LEWES_11825,F
36_LEWES_11826,H
36_LEWES_11827,B
36_LEWES_11828,G
36_LEWES_11888,B
37_PAETHSMOUTH_1004,C
37_PAETHSMOUTH_10058,E
37_PAETHSMOUTH_10062,J
37_PAETHSMOUTH_10236,C
37_PAETHSMOUTH_10239,J
37_PAETHSMOUTH_10266,G
37_PAETHSMOUTH_10296,I
37_PAETHSMOUTH_1036,I
37_PAETHSMOUTH_10420,C
37_PAETHSMOUTH_10421,D
37_PAETHSMOUTH_10443,H
37_PAETHSMOUTH_10451,B
37_PAETHSMOUTH_10472,B
37_PAETHSMOUTH_10596,F
37_PAETHSMOUTH_1061,I
37_PAETHSMOUTH_1065,H
37_PAETHSMOUTH_10723,F
37_PAETHSMOUTH_10727,I
37_PAETHSMOUTH_1094,G
37_PAETHSMOUTH_10957,A
37_PAETHSMOUTH_11141,A
37_PAETHSMOUTH_11213,I
37_PAETHSMOUTH_11219,C
37_PAETHSMOUTH_11414,I
37_PAETHSMOUTH_11488,C
37_PAETHSMOUTH_1174,B
37_PAETHSMOUTH_1178,C
37_PAETHSMOUTH_1180,E
37_PAETHSMOUTH_11825,I
37_PAETHSMOUTH_11826,E
37_PAETHSMOUTH_11827,J
37_PAETHSMOUTH_11828,I
38_GOULCREST_1004,G
38_GOULCREST_1005,B
38_GOULCREST_10058,F
38_GOULCREST_10062,I
38_GOULCREST_1012,B
38_GOULCREST_1019,F
38_GOULCREST_10236,H
38_GOULCREST_10238,H
38_GOULCREST_10239,J
38_GOULCREST_1024,E
38_GOULCREST_10254,F
38_GOULCREST_10264,B
38_GOULCREST_10266,F
38_GOULCREST_10296,I
38_GOULCREST_1031,G
38_GOULCREST_1036,H
38_GOULCREST_10420,C
38_GOULCREST_10421,C
38_GOULCREST_10441,I
38_GOULCREST_10443,B
38_GOULCREST_10451,J
38_GOULCREST_10453,G
38_GOULCREST_10469,F
38_GOULCREST_10472,C
38_GOULCREST_10579,C
38_GOULCREST_10596,F
38_GOULCREST_1060,B
38_GOULCREST_10603,C
38_GOULCREST_10609,G
38_GOULCREST_1061,I
38_GOULCREST_10626,C
38_GOULCREST_1064,C
38_GOULCREST_1065,F
38_GOULCREST_10676,J
38_GOULCREST_10680,H
38_GOULCREST_10723,G
38_GOULCREST_10727,G
38_GOULCREST_10874,I
38_GOULCREST_10895,C
38_GOULCREST_10927,F
38_GOULCREST_1094,B
38_GOULCREST_10957,D
38_GOULCREST_11067,H
38_GOULCREST_11089,C
38_GOULCREST_11141,H
38_GOULCREST_11152,C
38_GOULCREST_11196,D
38_GOULCREST_11199,I
38_GOULCREST_11200,F
38_GOULCREST_11213,E
38_GOULCREST_11214,G
38_GOULCREST_11219,B
38_GOULCREST_11227,A
38_GOULCREST_11238,D
38_GOULCREST_11310,A
38_GOULCREST_11320,B
38_GOULCREST_1133,I
38_GOULCREST_1135,I
38_GOULCREST_11353,E
38_GOULCREST_11354,A
38_GOULCREST_11367,C
38_GOULCREST_11414,D
38_GOULCREST_11440,C
38_GOULCREST_11456,F
38_GOULCREST_11488,F
38_GOULCREST_115,G
38_GOULCREST_1168,D
38_GOULCREST_11698,B
38_GOULCREST_1174,H
38_GOULCREST_1178,H
38_GOULCREST_1180,E
38_GOULCREST_11825,A
38_GOULCREST_11826,C
38_GOULCREST_11827,H
38_GOULCREST_11828,C
38_GOULCREST_1186,G
38_GOULCREST_11888,G
39_EASTHALLOW_1004,I
39_EASTHALLOW_10058,I
39_EASTHALLOW_10236,H
39_EASTHALLOW_10238,B
39_EASTHALLOW_10239,E
39_EASTHALLOW_1024,G
39_EASTHALLOW_10254,C
39_EASTHALLOW_10266,C
39_EASTHALLOW_10296,H
39_EASTHALLOW_1036,H
39_EASTHALLOW_10420,B
39_EASTHALLOW_10421,B
39_EASTHALLOW_10443,C
39_EASTHALLOW_10451,B
39_EASTHALLOW_10453,G
39_EASTHALLOW_10472,C
39_EASTHALLOW_10579,H
39_EASTHALLOW_10596,J
39_EASTHALLOW_1060,B
39_EASTHALLOW_10609,G
39_EASTHALLOW_1061,E
39_EASTHALLOW_10626,F
39_EASTHALLOW_1064,A
39_EASTHALLOW_1065,J
39_EASTHALLOW_10723,G
39_EASTHALLOW_10727,J
39_EASTHALLOW_10874,F
39_EASTHALLOW_10895,G
39_EASTHALLOW_1094,J
39_EASTHALLOW_10957,D
39_EASTHALLOW_11067,J
39_EASTHALLOW_11089,B
39_EASTHALLOW_11141,D
39_EASTHALLOW_11196,H
39_EASTHALLOW_11200,C
39_EASTHALLOW_11213,D
39_EASTHALLOW_11214,G
39_EASTHALLOW_11219,H
39_EASTHALLOW_1135,A
39_EASTHALLOW_11440,F
39_EASTHALLOW_11456,A
39_EASTHALLOW_11480,J
39_EASTHALLOW_11488,A
39_EASTHALLOW_1174,H
39_EASTHALLOW_1178,F
39_EASTHALLOW_1180,H
39_EASTHALLOW_11825,C
39_EASTHALLOW_11826,J
39_EASTHALLOW_11827,J
39_EASTHALLOW_11828,H
39_EASTHALLOW_11888,J
4_EANVERNESS_1004,H
4_EANVERNESS_1005,H
4_EANVERNESS_10058,J
4_EANVERNESS_10062,E
4_EANVERNESS_1019,G
4_EANVERNESS_10236,C
4_EANVERNESS_10238,H
4_EANVERNESS_1024,G
4_EANVERNESS_10254,E
4_EANVERNESS_10266,A
4_EANVERNESS_1036,H
4_EANVERNESS_10420,F
4_EANVERNESS_10421,B
4_EANVERNESS_10443,J
4_EANVERNESS_10451,B
4_EANVERNESS_10453,J
4_EANVERNESS_10472,D
4_EANVERNESS_10579,I
4_EANVERNESS_10596,A
4_EANVERNESS_1060,F
4_EANVERNESS_10609,B
4_EANVERNESS_1061,I
4_EANVERNESS_10626,I
4_EANVERNESS_1064,E
4_EANVERNESS_1065,G
4_EANVERNESS_10723,C
4_EANVERNESS_10727,I
4_EANVERNESS_10874,B
4_EANVERNESS_10927,B
4_EANVERNESS_1094,F
4_EANVERNESS_10957,G
4_EANVERNESS_11089,F
4_EANVERNESS_11141,I
4_EANVERNESS_11199,H
4_EANVERNESS_11213,G
4_EANVERNESS_11214,G
4_EANVERNESS_11219,B
4_EANVERNESS_11227,J
4_EANVERNESS_1135,G
4_EANVERNESS_11414,I
4_EANVERNESS_11440,A
4_EANVERNESS_11456,H
4_EANVERNESS_11488,G
4_EANVERNESS_115,G
4_EANVERNESS_1174,F
4_EANVERNESS_1178,B
4_EANVERNESS_1180,F
4_EANVERNESS_11825,C
4_EANVERNESS_11826,C
4_EANVERNESS_11827,I
4_EANVERNESS_11828,H
4_EANVERNESS_1186,F
4_EANVERNESS_11888,A
40_BULLMAR_1004,C
40_BULLMAR_10058,E
40_BULLMAR_10062,C
40_BULLMAR_10236,F
40_BULLMAR_1024,F
40_BULLMAR_10266,B
40_BULLMAR_1036,A
40_BULLMAR_10420,G
40_BULLMAR_10421,G
40_BULLMAR_10443,C
40_BULLMAR_10451,D
40_BULLMAR_10453,I
40_BULLMAR_10472,I
40_BULLMAR_10596,H
40_BULLMAR_1060,D
40_BULLMAR_1061,D
40_BULLMAR_1064,G
40_BULLMAR_1065,B
40_BULLMAR_10723,D
40_BULLMAR_10727,C
40_BULLMAR_10750,D
40_BULLMAR_10895,B
40_BULLMAR_1094,C
40_BULLMAR_10957,A
40_BULLMAR_11067,H
40_BULLMAR_11141,I
40_BULLMAR_11196,I
40_BULLMAR_11213,J
40_BULLMAR_11214,F
40_BULLMAR_11219,A
40_BULLMAR_1135,J
40_BULLMAR_11414,I
40_BULLMAR_11488,G
40_BULLMAR_1174,G
40_BULLMAR_1178,H
40_BULLMAR_1180,J
40_BULLMAR_11825,F
40_BULLMAR_11826,H
40_BULLMAR_11827,A
40_BULLMAR_11828,B
40_BULLMAR_11888,I
41_LARNWICK_1004,C
41_LARNWICK_10058,C
41_LARNWICK_10062,A
41_LARNWICK_1013,J
41_LARNWICK_1019,G
41_LARNWICK_10236,C
41_LARNWICK_10238,A
41_LARNWICK_10239,B
41_LARNWICK_1024,D
41_LARNWICK_10254,C
41_LARNWICK_10266,I
41_LARNWICK_10296,F
41_LARNWICK_1031,D
41_LARNWICK_1036,D
41_LARNWICK_10420,E
41_LARNWICK_10421,B
41_LARNWICK_10441,A
41_LARNWICK_10443,J
41_LARNWICK_10451,B
41_LARNWICK_10453,G
41_LARNWICK_10469,B
41_LARNWICK_10472,E
41_LARNWICK_10579,A
41_LARNWICK_10596,I
41_LARNWICK_1060,G
41_LARNWICK_10603,H
41_LARNWICK_10609,A
41_LARNWICK_1061,E
41_LARNWICK_10626,G
41_LARNWICK_1064,H
41_LARNWICK_1065,A
41_LARNWICK_10680,B
41_LARNWICK_10723,F
41_LARNWICK_10727,D
41_LARNWICK_10750,I
41_LARNWICK_10874,A
41_LARNWICK_10895,E
41_LARNWICK_10927,G
41_LARNWICK_1094,F
41_LARNWICK_10957,A
41_LARNWICK_11067,B
41_LARNWICK_11089,F
41_LARNWICK_11141,F
41_LARNWICK_11152,B
41_LARNWICK_11196,A
41_LARNWICK_11199,A
41_LARNWICK_11200,C
41_LARNWICK_11213,C
41_LARNWICK_11214,F
41_LARNWICK_11219,G
41_LARNWICK_11227,F
41_LARNWICK_11238,D
41_LARNWICK_11310,F
41_LARNWICK_11320,F
41_LARNWICK_1133,I
41_LARNWICK_1135,D
41_LARNWICK_11353,J
41_LARNWICK_11354,B
41_LARNWICK_11367,I
41_LARNWICK_11414,H
41_LARNWICK_11440,B
41_LARNWICK_11449,I
41_LARNWICK_11456,B
41_LARNWICK_11480,H
41_LARNWICK_11488,E
41_LARNWICK_115,G
41_LARNWICK_11698,A
41_LARNWICK_1174,A
41_LARNWICK_11771,E
41_LARNWICK_1178,F
41_LARNWICK_1180,B
41_LARNWICK_11825,F
41_LARNWICK_11826,A
41_LARNWICK_11827,E
41_LARNWICK_11828,B
41_LARNWICK_1186,C
41_LARNWICK_11888,E
"42_BLACK HOLLOW_1004",D
"42_BLACK HOLLOW_10058",A
"42_BLACK HOLLOW_10236",F
"42_BLACK HOLLOW_10238",J
"42_BLACK HOLLOW_10239",G
"42_BLACK HOLLOW_1024",D
"42_BLACK HOLLOW_10254",A
"42_BLACK HOLLOW_10264",D
"42_BLACK HOLLOW_10266",A
"42_BLACK HOLLOW_10296",A
"42_BLACK HOLLOW_1036",H
"42_BLACK HOLLOW_10420",E
"42_BLACK HOLLOW_10421",G
"42_BLACK HOLLOW_10443",B
"42_BLACK HOLLOW_10451",E
"42_BLACK HOLLOW_10453",B
"42_BLACK HOLLOW_10472",G
"42_BLACK HOLLOW_10579",E
"42_BLACK HOLLOW_10596",D
"42_BLACK HOLLOW_1060",H
"42_BLACK HOLLOW_10609",C
"42_BLACK HOLLOW_1061",C
"42_BLACK HOLLOW_10626",G
"42_BLACK HOLLOW_1064",E
"42_BLACK HOLLOW_10680",G
"42_BLACK HOLLOW_10723",F
"42_BLACK HOLLOW_10727",I
"42_BLACK HOLLOW_10874",E
"42_BLACK HOLLOW_10895",J
"42_BLACK HOLLOW_10927",B
"42_BLACK HOLLOW_1094",J
"42_BLACK HOLLOW_10957",E
"42_BLACK HOLLOW_11089",E
"42_BLACK HOLLOW_11141",I
"42_BLACK HOLLOW_11152",B
"42_BLACK HOLLOW_11196",H
"42_BLACK HOLLOW_11213",G
"42_BLACK HOLLOW_11214",I
"42_BLACK HOLLOW_11219",D
"42_BLACK HOLLOW_11227",J
"42_BLACK HOLLOW_11238",C
"42_BLACK HOLLOW_11320",B
"42_BLACK HOLLOW_1135",F
"42_BLACK HOLLOW_11488",D
"42_BLACK HOLLOW_1168",H
"42_BLACK HOLLOW_1174",C
"42_BLACK HOLLOW_1178",J
"42_BLACK HOLLOW_1180",C
"42_BLACK HOLLOW_11825",G
"42_BLACK HOLLOW_11826",I
"42_BLACK HOLLOW_11827",H
"42_BLACK HOLLOW_11828",D
"42_BLACK HOLLOW_11888",C
43_WOLFORD_10058,D
43_WOLFORD_10236,A
43_WOLFORD_1024,E
43_WOLFORD_10254,B
43_WOLFORD_10266,I
43_WOLFORD_10420,G
43_WOLFORD_10421,J
43_WOLFORD_10443,B
43_WOLFORD_10451,B
43_WOLFORD_10472,H
43_WOLFORD_10596,A
43_WOLFORD_1060,F
43_WOLFORD_10609,B
43_WOLFORD_10626,E
43_WOLFORD_1064,E
43_WOLFORD_10723,J
43_WOLFORD_10727,C
43_WOLFORD_10927,B
43_WOLFORD_1094,I
43_WOLFORD_10957,B
43_WOLFORD_11141,D
43_WOLFORD_11213,B
43_WOLFORD_11214,D
43_WOLFORD_11219,E
43_WOLFORD_1135,A
43_WOLFORD_11456,G
43_WOLFORD_11488,D
43_WOLFORD_1174,G
43_WOLFORD_1178,D
43_WOLFORD_1180,B
43_WOLFORD_11825,B
43_WOLFORD_11826,D
43_WOLFORD_11827,D
43_WOLFORD_11828,I
44_PORTHCRAWL_1004,B
44_PORTHCRAWL_10058,H
44_PORTHCRAWL_10062,G
44_PORTHCRAWL_1019,F
44_PORTHCRAWL_10236,H
44_PORTHCRAWL_10238,H
44_PORTHCRAWL_10239,A
44_PORTHCRAWL_1024,A
44_PORTHCRAWL_10254,G
44_PORTHCRAWL_10266,I
44_PORTHCRAWL_10296,H
44_PORTHCRAWL_1036,A
44_PORTHCRAWL_10420,I
44_PORTHCRAWL_10421,J
44_PORTHCRAWL_10441,G
44_PORTHCRAWL_10443,D
44_PORTHCRAWL_10451,H
44_PORTHCRAWL_10453,D
44_PORTHCRAWL_10472,H
44_PORTHCRAWL_10579,A
44_PORTHCRAWL_10596,I
44_PORTHCRAWL_1060,C
44_PORTHCRAWL_10609,J
44_PORTHCRAWL_1061,A
44_PORTHCRAWL_10626,H
44_PORTHCRAWL_1064,B
44_PORTHCRAWL_1065,H
44_PORTHCRAWL_10680,H
44_PORTHCRAWL_10723,G
44_PORTHCRAWL_10727,G
44_PORTHCRAWL_10874,J
44_PORTHCRAWL_10895,B
44_PORTHCRAWL_10927,C
44_PORTHCRAWL_1094,A
44_PORTHCRAWL_10957,I
44_PORTHCRAWL_11067,I
44_PORTHCRAWL_11089,H
44_PORTHCRAWL_11141,I
44_PORTHCRAWL_11152,G
44_PORTHCRAWL_11196,D
44_PORTHCRAWL_11199,C
44_PORTHCRAWL_11213,J
44_PORTHCRAWL_11214,F
44_PORTHCRAWL_11219,G
44_PORTHCRAWL_11227,I
44_PORTHCRAWL_11238,A
44_PORTHCRAWL_11320,H
44_PORTHCRAWL_1135,J
44_PORTHCRAWL_11354,J
44_PORTHCRAWL_11367,G
44_PORTHCRAWL_11414,D
44_PORTHCRAWL_11440,G
44_PORTHCRAWL_11456,B
44_PORTHCRAWL_11488,I
44_PORTHCRAWL_115,I
44_PORTHCRAWL_1168,D
44_PORTHCRAWL_11698,B
44_PORTHCRAWL_1174,H
44_PORTHCRAWL_1178,J
44_PORTHCRAWL_1180,C
44_PORTHCRAWL_11825,F
44_PORTHCRAWL_11826,G
44_PORTHCRAWL_11827,I
44_PORTHCRAWL_11828,J
44_PORTHCRAWL_1186,E
44_PORTHCRAWL_11888,G
45_VERITAS_10058,C
45_VERITAS_10236,A
45_VERITAS_10239,G
45_VERITAS_1024,G
45_VERITAS_10266,I
45_VERITAS_10420,C
45_VERITAS_10421,C
45_VERITAS_10451,I
45_VERITAS_10472,D
45_VERITAS_10596,G
45_VERITAS_1060,G
45_VERITAS_1064,G
45_VERITAS_10723,E
45_VERITAS_10727,E
45_VERITAS_10957,D
45_VERITAS_11141,J
45_VERITAS_11213,J
45_VERITAS_11214,I
45_VERITAS_11219,I
45_VERITAS_1135,B
45_VERITAS_11440,C
45_VERITAS_1174,J
45_VERITAS_1178,H
45_VERITAS_1180,A
45_VERITAS_11825,E
45_VERITAS_11826,I
45_VERITAS_11827,D
45_VERITAS_11828,B
46__10058,F
46__10236,D
46__10238,G
46__10239,F
46__1024,D
46__10266,J
46__10420,F
46__10443,E
46__10472,J
46__10596,G
46__10626,A
46__10723,H
46__10727,F
46__1094,C
46__10957,A
46__11067,D
46__11089,E
46__11141,J
46__11152,D
46__11196,I
46__11213,F
46__11214,B
46__11219,B
46__1135,J
46__11367,G
46__11456,F
46__11488,A
46__1178,A
46__1180,A
46__11825,C
46__11827,G
46__11828,I
46__11888,H
46_TYWARDREATH_10058,I
46_TYWARDREATH_10236,G
46_TYWARDREATH_10238,I
46_TYWARDREATH_10254,J
46_TYWARDREATH_10266,A
46_TYWARDREATH_10420,D
46_TYWARDREATH_10421,J
46_TYWARDREATH_10443,H
46_TYWARDREATH_10451,B
46_TYWARDREATH_10472,F
46_TYWARDREATH_10596,F
46_TYWARDREATH_10626,E
46_TYWARDREATH_10723,F
46_TYWARDREATH_10727,H
46_TYWARDREATH_10957,J
46_TYWARDREATH_11067,D
46_TYWARDREATH_11089,A
46_TYWARDREATH_11141,B
46_TYWARDREATH_11196,E
46_TYWARDREATH_11213,H
46_TYWARDREATH_11214,I
46_TYWARDREATH_11219,D
46_TYWARDREATH_11488,J
46_TYWARDREATH_1178,B
46_TYWARDREATH_1180,I
46_TYWARDREATH_11825,C
46_TYWARDREATH_11826,C
46_TYWARDREATH_11827,G
46_TYWARDREATH_11828,I
46_TYWARDREATH_11888,D
"47_PELLA'S WISH_1004",B
"47_PELLA'S WISH_10058",I
"47_PELLA'S WISH_10236",G
"47_PELLA'S WISH_10238",D
"47_PELLA'S WISH_1024",A
"47_PELLA'S WISH_10254",F
"47_PELLA'S WISH_10266",C
"47_PELLA'S WISH_10296",B
"47_PELLA'S WISH_1036",J
"47_PELLA'S WISH_10420",J
"47_PELLA'S WISH_10421",D
"47_PELLA'S WISH_10441",E
"47_PELLA'S WISH_10443",J
"47_PELLA'S WISH_10451",F
"47_PELLA'S WISH_10453",F
"47_PELLA'S WISH_10472",F
"47_PELLA'S WISH_10579",C
"47_PELLA'S WISH_10596",G
"47_PELLA'S WISH_1060",H
"47_PELLA'S WISH_10609",E
"47_PELLA'S WISH_1061",D
"47_PELLA'S WISH_10626",A
"47_PELLA'S WISH_1064",C
"47_PELLA'S WISH_1065",I
"47_PELLA'S WISH_10723",C
"47_PELLA'S WISH_10727",G
"47_PELLA'S WISH_10874",B
"47_PELLA'S WISH_10895",J
"47_PELLA'S WISH_1094",F
"47_PELLA'S WISH_10957",D
"47_PELLA'S WISH_11067",A
"47_PELLA'S WISH_11089",C
"47_PELLA'S WISH_11141",E
"47_PELLA'S WISH_11213",H
"47_PELLA'S WISH_11214",J
"47_PELLA'S WISH_11219",A
"47_PELLA'S WISH_1135",D
"47_PELLA'S WISH_11367",E
"47_PELLA'S WISH_11414",I
"47_PELLA'S WISH_11456",D
"47_PELLA'S WISH_11488",C
"47_PELLA'S WISH_1174",C
"47_PELLA'S WISH_1178",J
"47_PELLA'S WISH_1180",J
"47_PELLA'S WISH_11825",D
"47_PELLA'S WISH_11826",I
"47_PELLA'S WISH_11827",J
"47_PELLA'S WISH_11828",H
"47_PELLA'S WISH_11888",E
48_NORFOLK_1004,F
48_NORFOLK_10058,F
48_NORFOLK_1019,J
48_NORFOLK_10236,D
48_NORFOLK_10238,A
48_NORFOLK_10239,F
48_NORFOLK_1024,C
48_NORFOLK_10254,G
48_NORFOLK_10266,D
48_NORFOLK_1036,F
48_NORFOLK_10420,E
48_NORFOLK_10421,J
48_NORFOLK_10451,J
48_NORFOLK_10453,G
48_NORFOLK_10472,J
48_NORFOLK_10596,I
48_NORFOLK_1060,H
48_NORFOLK_1061,J
48_NORFOLK_10626,D
48_NORFOLK_1064,F
48_NORFOLK_1065,I
48_NORFOLK_10723,B
48_NORFOLK_10727,C
48_NORFOLK_10895,H
48_NORFOLK_10927,A
48_NORFOLK_1094,D
48_NORFOLK_10957,J
48_NORFOLK_11067,E
48_NORFOLK_11089,D
48_NORFOLK_11141,G
48_NORFOLK_11152,E
48_NORFOLK_11196,F
48_NORFOLK_11199,D
48_NORFOLK_11213,E
48_NORFOLK_11214,D
48_NORFOLK_11219,J
48_NORFOLK_1135,I
48_NORFOLK_11414,D
48_NORFOLK_11456,D
48_NORFOLK_11488,F
48_NORFOLK_115,J
48_NORFOLK_1168,J
48_NORFOLK_1174,F
48_NORFOLK_1178,D
48_NORFOLK_1180,F
48_NORFOLK_11825,F
48_NORFOLK_11826,E
48_NORFOLK_11827,C
48_NORFOLK_11828,B
48_NORFOLK_11888,J
49_GARIGILL_1004,G
49_GARIGILL_10058,F
49_GARIGILL_10062,G
49_GARIGILL_1019,A
49_GARIGILL_10236,I
49_GARIGILL_10238,J
49_GARIGILL_10239,B
49_GARIGILL_1024,F
49_GARIGILL_10254,I
49_GARIGILL_10266,A
49_GARIGILL_10296,J
49_GARIGILL_1036,I
49_GARIGILL_10420,H
49_GARIGILL_10421,A
49_GARIGILL_10441,H
49_GARIGILL_10443,F
49_GARIGILL_10451,C
49_GARIGILL_10453,I
49_GARIGILL_10472,D
49_GARIGILL_10579,B
49_GARIGILL_10596,A
49_GARIGILL_1060,D
49_GARIGILL_10609,B
49_GARIGILL_1061,J
49_GARIGILL_10626,F
49_GARIGILL_1064,C
49_GARIGILL_1065,H
49_GARIGILL_10680,A
49_GARIGILL_10723,J
49_GARIGILL_10727,E
49_GARIGILL_10874,G
49_GARIGILL_10895,D
49_GARIGILL_10927,A
49_GARIGILL_1094,H
49_GARIGILL_10957,J
49_GARIGILL_11067,B
49_GARIGILL_11089,G
49_GARIGILL_11141,C
49_GARIGILL_11152,J
49_GARIGILL_11196,D
49_GARIGILL_11199,B
49_GARIGILL_11213,H
49_GARIGILL_11214,I
49_GARIGILL_11219,A
49_GARIGILL_11238,G
49_GARIGILL_1135,E
49_GARIGILL_11353,F
49_GARIGILL_11414,J
49_GARIGILL_11440,F
49_GARIGILL_11456,E
49_GARIGILL_11488,D
49_GARIGILL_115,I
49_GARIGILL_1168,E
49_GARIGILL_11698,B
49_GARIGILL_1174,A
49_GARIGILL_1178,B
49_GARIGILL_1180,G
49_GARIGILL_11825,D
49_GARIGILL_11826,E
49_GARIGILL_11827,C
49_GARIGILL_11828,A
49_GARIGILL_1186,G
49_GARIGILL_11888,E
5_SUTTON_10058,F
5_SUTTON_10236,D
5_SUTTON_1024,G
5_SUTTON_10254,G
5_SUTTON_10266,A
5_SUTTON_10420,B
5_SUTTON_10421,G
5_SUTTON_10451,D
5_SUTTON_10453,A
5_SUTTON_10472,H
5_SUTTON_10596,A
5_SUTTON_1060,H
5_SUTTON_1061,B
5_SUTTON_10626,C
5_SUTTON_10723,F
5_SUTTON_10727,E
5_SUTTON_10895,G
5_SUTTON_1094,H
5_SUTTON_10957,E
5_SUTTON_11141,C
5_SUTTON_11196,C
5_SUTTON_11213,F
5_SUTTON_11214,E
5_SUTTON_11219,B
5_SUTTON_11414,D
5_SUTTON_11440,H
5_SUTTON_11488,E
5_SUTTON_1174,D
5_SUTTON_1178,B
5_SUTTON_1180,F
5_SUTTON_11825,C
5_SUTTON_11826,H
5_SUTTON_11827,I
5_SUTTON_11828,C
50_MOUNTMEND_1004,E
50_MOUNTMEND_1005,A
50_MOUNTMEND_10058,D
50_MOUNTMEND_10062,B
50_MOUNTMEND_1012,A
50_MOUNTMEND_1013,A
50_MOUNTMEND_1019,C
50_MOUNTMEND_1021,J
50_MOUNTMEND_1022,H
50_MOUNTMEND_10236,H
50_MOUNTMEND_10238,A
50_MOUNTMEND_10239,A
50_MOUNTMEND_1024,E
50_MOUNTMEND_10254,H
50_MOUNTMEND_10264,F
50_MOUNTMEND_10266,B
50_MOUNTMEND_1029,G
50_MOUNTMEND_10296,G
50_MOUNTMEND_1031,B
50_MOUNTMEND_1036,D
50_MOUNTMEND_10420,E
50_MOUNTMEND_10421,C
50_MOUNTMEND_10441,H
50_MOUNTMEND_10443,C
50_MOUNTMEND_10451,C
50_MOUNTMEND_10453,H
50_MOUNTMEND_10469,B
50_MOUNTMEND_10472,B
50_MOUNTMEND_10579,I
50_MOUNTMEND_10596,J
50_MOUNTMEND_1060,E
50_MOUNTMEND_10603,E
50_MOUNTMEND_10609,H
50_MOUNTMEND_1061,B
50_MOUNTMEND_10626,E
50_MOUNTMEND_1064,D
50_MOUNTMEND_1065,I
50_MOUNTMEND_10676,C
50_MOUNTMEND_10680,I
50_MOUNTMEND_10723,E
50_MOUNTMEND_10727,I
50_MOUNTMEND_10750,J
50_MOUNTMEND_10874,G
50_MOUNTMEND_10895,G
50_MOUNTMEND_10927,E
50_MOUNTMEND_1094,H
50_MOUNTMEND_10957,C
50_MOUNTMEND_11067,I
50_MOUNTMEND_11089,H
50_MOUNTMEND_1112,D
50_MOUNTMEND_11141,F
50_MOUNTMEND_11152,H
50_MOUNTMEND_11196,G
50_MOUNTMEND_11199,E
50_MOUNTMEND_11200,A
50_MOUNTMEND_11213,C
50_MOUNTMEND_11214,G
50_MOUNTMEND_11219,A
50_MOUNTMEND_11227,A
50_MOUNTMEND_11238,A
50_MOUNTMEND_11310,F
50_MOUNTMEND_11320,C
50_MOUNTMEND_1133,H
50_MOUNTMEND_1135,F
50_MOUNTMEND_11353,D
50_MOUNTMEND_11354,A
50_MOUNTMEND_11367,E
50_MOUNTMEND_11414,A
50_MOUNTMEND_11440,E
50_MOUNTMEND_11449,C
50_MOUNTMEND_11456,E
50_MOUNTMEND_11480,C
50_MOUNTMEND_11488,I
50_MOUNTMEND_115,A
50_MOUNTMEND_1168,H
50_MOUNTMEND_11698,C
50_MOUNTMEND_1174,H
50_MOUNTMEND_11771,G
50_MOUNTMEND_1178,G
50_MOUNTMEND_1180,I
50_MOUNTMEND_11825,F
50_MOUNTMEND_11826,A
50_MOUNTMEND_11827,I
50_MOUNTMEND_11828,B
50_MOUNTMEND_1186,B
50_MOUNTMEND_11888,G
51_ABERDEEN_1004,H
51_ABERDEEN_10058,B
51_ABERDEEN_1019,A
51_ABERDEEN_10236,I
51_ABERDEEN_10238,F
51_ABERDEEN_10239,A
51_ABERDEEN_1024,H
51_ABERDEEN_10266,G
51_ABERDEEN_1036,G
51_ABERDEEN_10420,E
51_ABERDEEN_10421,H
51_ABERDEEN_10451,A
51_ABERDEEN_10453,J
51_ABERDEEN_10472,B
51_ABERDEEN_10579,E
51_ABERDEEN_10596,A
51_ABERDEEN_1060,A
51_ABERDEEN_1061,D
51_ABERDEEN_1064,J
51_ABERDEEN_1065,D
51_ABERDEEN_10723,E
51_ABERDEEN_10727,A
51_ABERDEEN_10927,B
51_ABERDEEN_1094,B
51_ABERDEEN_10957,J
51_ABERDEEN_11067,D
51_ABERDEEN_11089,G
51_ABERDEEN_11141,G
51_ABERDEEN_11152,J
51_ABERDEEN_11196,G
51_ABERDEEN_11213,D
51_ABERDEEN_11214,D
51_ABERDEEN_11219,I
51_ABERDEEN_1135,J
51_ABERDEEN_11353,I
51_ABERDEEN_11456,E
51_ABERDEEN_11488,A
51_ABERDEEN_115,C
51_ABERDEEN_1178,A
51_ABERDEEN_1180,D
51_ABERDEEN_11825,D
51_ABERDEEN_11826,A
51_ABERDEEN_11827,F
51_ABERDEEN_11828,B
51_ABERDEEN_11888,B
52_GRAYCOTT_10058,I
52_GRAYCOTT_1024,C
52_GRAYCOTT_10254,B
52_GRAYCOTT_10266,F
52_GRAYCOTT_1036,J
52_GRAYCOTT_10420,B
52_GRAYCOTT_10421,C
52_GRAYCOTT_10443,G
52_GRAYCOTT_10451,J
52_GRAYCOTT_10472,F
52_GRAYCOTT_10579,A
52_GRAYCOTT_10596,E
52_GRAYCOTT_1060,G
52_GRAYCOTT_10609,H
52_GRAYCOTT_1064,E
52_GRAYCOTT_10723,H
52_GRAYCOTT_10727,C
52_GRAYCOTT_10927,G
52_GRAYCOTT_1094,H
52_GRAYCOTT_10957,D
52_GRAYCOTT_11089,G
52_GRAYCOTT_11141,I
52_GRAYCOTT_11196,B
52_GRAYCOTT_11213,G
52_GRAYCOTT_11214,B
52_GRAYCOTT_11219,C
52_GRAYCOTT_1135,J
52_GRAYCOTT_11414,G
52_GRAYCOTT_11488,D
52_GRAYCOTT_1174,C
52_GRAYCOTT_1178,E
52_GRAYCOTT_1180,E
52_GRAYCOTT_11825,H
52_GRAYCOTT_11826,B
52_GRAYCOTT_11827,G
52_GRAYCOTT_11828,D
52_GRAYCOTT_11888,B
53_HILLFAR_1004,B
53_HILLFAR_10058,B
53_HILLFAR_1019,H
53_HILLFAR_10236,H
53_HILLFAR_10239,I
53_HILLFAR_1024,F
53_HILLFAR_10254,D
53_HILLFAR_10266,J
53_HILLFAR_1036,H
53_HILLFAR_10420,A
53_HILLFAR_10421,J
53_HILLFAR_10451,G
53_HILLFAR_10453,I
53_HILLFAR_10472,D
53_HILLFAR_10579,F
53_HILLFAR_10596,C
53_HILLFAR_1060,H
53_HILLFAR_1061,I
53_HILLFAR_10626,H
53_HILLFAR_1064,A
53_HILLFAR_1065,C
53_HILLFAR_10723,B
53_HILLFAR_10727,E
53_HILLFAR_1094,B
53_HILLFAR_10957,E
53_HILLFAR_11067,D
53_HILLFAR_11141,E
53_HILLFAR_11152,J
53_HILLFAR_11213,B
53_HILLFAR_11214,G
53_HILLFAR_11219,C
53_HILLFAR_1135,D
53_HILLFAR_11414,G
53_HILLFAR_11440,J
53_HILLFAR_11456,G
53_HILLFAR_11488,I
53_HILLFAR_115,A
53_HILLFAR_1174,F
53_HILLFAR_1180,F
53_HILLFAR_11825,J
53_HILLFAR_11826,H
53_HILLFAR_11827,I
53_HILLFAR_11828,A
53_HILLFAR_1186,C
53_HILLFAR_11888,D
54_GUTHRAM_1004,E
54_GUTHRAM_10058,J
54_GUTHRAM_1006,B
54_GUTHRAM_1019,G
54_GUTHRAM_10236,F
54_GUTHRAM_10239,G
54_GUTHRAM_1024,A
54_GUTHRAM_10254,A
54_GUTHRAM_10266,J
54_GUTHRAM_10296,I
54_GUTHRAM_1036,E
54_GUTHRAM_10420,D
54_GUTHRAM_10421,A
54_GUTHRAM_10441,E
54_GUTHRAM_10443,E
54_GUTHRAM_10451,E
54_GUTHRAM_10453,B
54_GUTHRAM_10472,I
54_GUTHRAM_10579,F
54_GUTHRAM_10596,H
54_GUTHRAM_1060,J
54_GUTHRAM_10609,C
54_GUTHRAM_1061,B
54_GUTHRAM_10626,B
54_GUTHRAM_1064,F
54_GUTHRAM_1065,F
54_GUTHRAM_10723,G
54_GUTHRAM_10727,C
54_GUTHRAM_10874,J
54_GUTHRAM_10927,A
54_GUTHRAM_1094,J
54_GUTHRAM_10957,I
54_GUTHRAM_11067,I
54_GUTHRAM_11089,B
54_GUTHRAM_11141,D
54_GUTHRAM_11196,F
54_GUTHRAM_11199,J
54_GUTHRAM_11213,D
54_GUTHRAM_11214,D
54_GUTHRAM_11219,E
54_GUTHRAM_11238,G
54_GUTHRAM_11320,I
54_GUTHRAM_1135,B
54_GUTHRAM_11367,E
54_GUTHRAM_11440,A
54_GUTHRAM_11456,C
54_GUTHRAM_11488,B
54_GUTHRAM_115,E
54_GUTHRAM_1168,A
54_GUTHRAM_11698,B
54_GUTHRAM_1174,G
54_GUTHRAM_1178,C
54_GUTHRAM_1180,G
54_GUTHRAM_11825,I
54_GUTHRAM_11826,G
54_GUTHRAM_11827,F
54_GUTHRAM_11828,C
54_GUTHRAM_11888,E
"55_DRY GULCH_1004",G
"55_DRY GULCH_10058",J
"55_DRY GULCH_10062",J
"55_DRY GULCH_1009",B
"55_DRY GULCH_1012",H
"55_DRY GULCH_1019",G
"55_DRY GULCH_10236",J
"55_DRY GULCH_10238",J
"55_DRY GULCH_10239",B
"55_DRY GULCH_1024",I
"55_DRY GULCH_10254",B
"55_DRY GULCH_10264",I
"55_DRY GULCH_10266",B
"55_DRY GULCH_10296",C
"55_DRY GULCH_1031",G
"55_DRY GULCH_1036",H
"55_DRY GULCH_10420",J
"55_DRY GULCH_10421",C
"55_DRY GULCH_10441",J
"55_DRY GULCH_10443",D
"55_DRY GULCH_10451",B
"55_DRY GULCH_10453",J
"55_DRY GULCH_10469",J
"55_DRY GULCH_10472",D
"55_DRY GULCH_10579",I
"55_DRY GULCH_10596",J
"55_DRY GULCH_1060",E
"55_DRY GULCH_10603",A
"55_DRY GULCH_10609",J
"55_DRY GULCH_1061",H
"55_DRY GULCH_10626",H
"55_DRY GULCH_1064",G
"55_DRY GULCH_1065",E
"55_DRY GULCH_10676",A
"55_DRY GULCH_10680",C
"55_DRY GULCH_10723",G
"55_DRY GULCH_10727",G
"55_DRY GULCH_10874",B
"55_DRY GULCH_10895",H
"55_DRY GULCH_10927",H
"55_DRY GULCH_1094",A
"55_DRY GULCH_10957",J
"55_DRY GULCH_11089",C
"55_DRY GULCH_11141",E
"55_DRY GULCH_11152",A
"55_DRY GULCH_11196",B
"55_DRY GULCH_11199",D
"55_DRY GULCH_11213",A
"55_DRY GULCH_11214",D
"55_DRY GULCH_11219",D
"55_DRY GULCH_11227",A
"55_DRY GULCH_11238",J
"55_DRY GULCH_11310",J
"55_DRY GULCH_11320",G
"55_DRY GULCH_1133",F
"55_DRY GULCH_1135",B
"55_DRY GULCH_11367",H
"55_DRY GULCH_11414",C
"55_DRY GULCH_11440",B
"55_DRY GULCH_11449",J
"55_DRY GULCH_11456",J
"55_DRY GULCH_11480",F
"55_DRY GULCH_11488",J
"55_DRY GULCH_115",B
"55_DRY GULCH_11698",J
"55_DRY GULCH_1174",I
"55_DRY GULCH_1178",C
"55_DRY GULCH_1180",I
"55_DRY GULCH_11825",F
"55_DRY GULCH_11826",I
"55_DRY GULCH_11827",C
"55_DRY GULCH_11828",J
"55_DRY GULCH_1186",J
"55_DRY GULCH_11888",E
"56_BEGGAR'S HOLE_1004",E
"56_BEGGAR'S HOLE_10058",E
"56_BEGGAR'S HOLE_1013",C
"56_BEGGAR'S HOLE_1019",G
"56_BEGGAR'S HOLE_10236",J
"56_BEGGAR'S HOLE_10239",A
"56_BEGGAR'S HOLE_1024",J
"56_BEGGAR'S HOLE_10254",A
"56_BEGGAR'S HOLE_10266",J
"56_BEGGAR'S HOLE_1036",H
"56_BEGGAR'S HOLE_10420",F
"56_BEGGAR'S HOLE_10421",H
"56_BEGGAR'S HOLE_10443",F
"56_BEGGAR'S HOLE_10451",H
"56_BEGGAR'S HOLE_10453",I
"56_BEGGAR'S HOLE_10472",H
"56_BEGGAR'S HOLE_10579",D
"56_BEGGAR'S HOLE_10596",J
"56_BEGGAR'S HOLE_1060",A
"56_BEGGAR'S HOLE_10609",E
"56_BEGGAR'S HOLE_1061",C
"56_BEGGAR'S HOLE_10626",F
"56_BEGGAR'S HOLE_1064",E
"56_BEGGAR'S HOLE_10723",F
"56_BEGGAR'S HOLE_10727",H
"56_BEGGAR'S HOLE_1094",I
"56_BEGGAR'S HOLE_10957",A
"56_BEGGAR'S HOLE_11089",C
"56_BEGGAR'S HOLE_11141",H
"56_BEGGAR'S HOLE_11196",H
"56_BEGGAR'S HOLE_11213",J
"56_BEGGAR'S HOLE_11214",H
"56_BEGGAR'S HOLE_11219",J
"56_BEGGAR'S HOLE_1135",A
"56_BEGGAR'S HOLE_11354",I
"56_BEGGAR'S HOLE_11414",F
"56_BEGGAR'S HOLE_11456",F
"56_BEGGAR'S HOLE_11480",B
"56_BEGGAR'S HOLE_11488",I
"56_BEGGAR'S HOLE_115",H
"56_BEGGAR'S HOLE_11698",C
"56_BEGGAR'S HOLE_1178",I
"56_BEGGAR'S HOLE_1180",I
"56_BEGGAR'S HOLE_11825",B
"56_BEGGAR'S HOLE_11826",G
"56_BEGGAR'S HOLE_11827",I
"56_BEGGAR'S HOLE_11828",C
"56_BEGGAR'S HOLE_11888",B
57_LANTEGLOS_1004,E
57_LANTEGLOS_10058,F
57_LANTEGLOS_10236,A
57_LANTEGLOS_1024,I
57_LANTEGLOS_10254,E
57_LANTEGLOS_10266,E
57_LANTEGLOS_10296,C
57_LANTEGLOS_10420,F
57_LANTEGLOS_10421,C
57_LANTEGLOS_10451,B
57_LANTEGLOS_10472,I
57_LANTEGLOS_10579,D
57_LANTEGLOS_10596,J
57_LANTEGLOS_10609,H
57_LANTEGLOS_1061,J
57_LANTEGLOS_1064,B
57_LANTEGLOS_1065,G
57_LANTEGLOS_10723,B
57_LANTEGLOS_10727,A
57_LANTEGLOS_1094,C
57_LANTEGLOS_10957,C
57_LANTEGLOS_11067,E
57_LANTEGLOS_11141,B
57_LANTEGLOS_11152,D
57_LANTEGLOS_11213,H
57_LANTEGLOS_11214,E
57_LANTEGLOS_11219,E
57_LANTEGLOS_1135,I
57_LANTEGLOS_11488,A
57_LANTEGLOS_1174,E
57_LANTEGLOS_1178,H
57_LANTEGLOS_1180,G
57_LANTEGLOS_11825,D
57_LANTEGLOS_11826,F
57_LANTEGLOS_11827,A
57_LANTEGLOS_11828,C
57_LANTEGLOS_11888,F
58_HARTLEPOOL_1005,I
58_HARTLEPOOL_10058,G
58_HARTLEPOOL_1019,E
58_HARTLEPOOL_10236,C
58_HARTLEPOOL_1024,H
58_HARTLEPOOL_10254,H
58_HARTLEPOOL_10266,I
58_HARTLEPOOL_1036,F
58_HARTLEPOOL_10420,B
58_HARTLEPOOL_10421,B
58_HARTLEPOOL_10451,E
58_HARTLEPOOL_10472,J
58_HARTLEPOOL_10596,E
58_HARTLEPOOL_1060,J
58_HARTLEPOOL_1061,D
58_HARTLEPOOL_10626,B
58_HARTLEPOOL_1064,B
58_HARTLEPOOL_1065,A
58_HARTLEPOOL_10723,I
58_HARTLEPOOL_10727,E
58_HARTLEPOOL_1094,E
58_HARTLEPOOL_10957,C
58_HARTLEPOOL_11141,G
58_HARTLEPOOL_11196,J
58_HARTLEPOOL_11213,H
58_HARTLEPOOL_11214,F
58_HARTLEPOOL_11219,F
58_HARTLEPOOL_1135,H
58_HARTLEPOOL_11414,I
58_HARTLEPOOL_11456,A
58_HARTLEPOOL_11488,C
58_HARTLEPOOL_1174,I
58_HARTLEPOOL_1178,E
58_HARTLEPOOL_1180,H
58_HARTLEPOOL_11825,J
58_HARTLEPOOL_11826,H
58_HARTLEPOOL_11827,J
58_HARTLEPOOL_11828,I
58_HARTLEPOOL_11888,H
59_CLAETHORPES_1004,G
59_CLAETHORPES_10058,I
59_CLAETHORPES_10062,F
59_CLAETHORPES_1019,E
59_CLAETHORPES_10236,C
59_CLAETHORPES_10238,D
59_CLAETHORPES_10239,C
59_CLAETHORPES_1024,H
59_CLAETHORPES_10266,J
59_CLAETHORPES_10296,G
59_CLAETHORPES_1036,B
59_CLAETHORPES_10420,C
59_CLAETHORPES_10421,I
59_CLAETHORPES_10441,F
59_CLAETHORPES_10443,G
59_CLAETHORPES_10451,H
59_CLAETHORPES_10453,E
59_CLAETHORPES_10472,C
59_CLAETHORPES_10579,F
59_CLAETHORPES_10596,E
59_CLAETHORPES_1060,A
59_CLAETHORPES_10603,E
59_CLAETHORPES_1061,G
59_CLAETHORPES_1064,E
59_CLAETHORPES_1065,I
59_CLAETHORPES_10723,D
59_CLAETHORPES_10727,A
59_CLAETHORPES_10874,A
59_CLAETHORPES_10927,G
59_CLAETHORPES_1094,I
59_CLAETHORPES_10957,J
59_CLAETHORPES_11067,G
59_CLAETHORPES_11089,F
59_CLAETHORPES_11141,D
59_CLAETHORPES_11152,E
59_CLAETHORPES_11196,A
59_CLAETHORPES_11213,A
59_CLAETHORPES_11214,I
59_CLAETHORPES_11219,D
59_CLAETHORPES_1133,E
59_CLAETHORPES_1135,B
59_CLAETHORPES_11456,G
59_CLAETHORPES_11480,H
59_CLAETHORPES_11488,J
59_CLAETHORPES_115,D
59_CLAETHORPES_1174,C
59_CLAETHORPES_1178,C
59_CLAETHORPES_1180,G
59_CLAETHORPES_11825,C
59_CLAETHORPES_11826,I
59_CLAETHORPES_11827,E
59_CLAETHORPES_11828,I
59_CLAETHORPES_11888,G
6_GOULCREST_1004,J
6_GOULCREST_10058,I
6_GOULCREST_10062,C
6_GOULCREST_1019,B
6_GOULCREST_10236,C
6_GOULCREST_10238,F
6_GOULCREST_10239,H
6_GOULCREST_1024,A
6_GOULCREST_10254,D
6_GOULCREST_10266,J
6_GOULCREST_10296,G
6_GOULCREST_1036,A
6_GOULCREST_10420,C
6_GOULCREST_10421,B
6_GOULCREST_10441,A
6_GOULCREST_10443,G
6_GOULCREST_10451,F
6_GOULCREST_10453,I
6_GOULCREST_10472,B
6_GOULCREST_10579,A
6_GOULCREST_10596,A
6_GOULCREST_1060,E
6_GOULCREST_10609,H
6_GOULCREST_1061,D
6_GOULCREST_10626,C
6_GOULCREST_1064,D
6_GOULCREST_1065,G
6_GOULCREST_10676,J
6_GOULCREST_10680,J
6_GOULCREST_10723,D
6_GOULCREST_10727,H
6_GOULCREST_10874,D
6_GOULCREST_10927,H
6_GOULCREST_10957,F
6_GOULCREST_11089,G
6_GOULCREST_11141,G
6_GOULCREST_11152,J
6_GOULCREST_11196,C
6_GOULCREST_11213,J
6_GOULCREST_11214,D
6_GOULCREST_11219,G
6_GOULCREST_11238,B
6_GOULCREST_11320,J
6_GOULCREST_1135,F
6_GOULCREST_11353,J
6_GOULCREST_11354,A
6_GOULCREST_11367,E
6_GOULCREST_11414,F
6_GOULCREST_11440,A
6_GOULCREST_11456,C
6_GOULCREST_11488,A
6_GOULCREST_11698,D
6_GOULCREST_1174,G
6_GOULCREST_1178,B
6_GOULCREST_1180,I
6_GOULCREST_11825,B
6_GOULCREST_11826,J
6_GOULCREST_11827,J
6_GOULCREST_11828,F
6_GOULCREST_11888,E
60_IRRAGIN_1004,D
60_IRRAGIN_10058,F
60_IRRAGIN_10062,D
60_IRRAGIN_1013,G
60_IRRAGIN_1019,A
60_IRRAGIN_10236,I
60_IRRAGIN_10238,I
60_IRRAGIN_10239,G
60_IRRAGIN_1024,C
60_IRRAGIN_10254,D
60_IRRAGIN_10266,E
60_IRRAGIN_10296,B
60_IRRAGIN_1031,C
60_IRRAGIN_1036,D
60_IRRAGIN_1037,I
60_IRRAGIN_1039,I
60_IRRAGIN_10420,J
60_IRRAGIN_10421,C
60_IRRAGIN_10441,H
60_IRRAGIN_10443,F
60_IRRAGIN_10451,F
60_IRRAGIN_10453,H
60_IRRAGIN_10472,E
60_IRRAGIN_10579,B
60_IRRAGIN_10596,J
60_IRRAGIN_1060,E
60_IRRAGIN_10609,J
60_IRRAGIN_1061,E
60_IRRAGIN_10626,F
60_IRRAGIN_1064,I
60_IRRAGIN_1065,E
60_IRRAGIN_10680,H
60_IRRAGIN_10723,F
60_IRRAGIN_10727,B
60_IRRAGIN_10874,F
60_IRRAGIN_10895,E
60_IRRAGIN_10927,A
60_IRRAGIN_1094,I
60_IRRAGIN_10957,A
60_IRRAGIN_11089,J
60_IRRAGIN_11141,G
60_IRRAGIN_11152,F
60_IRRAGIN_11196,D
60_IRRAGIN_11199,C
60_IRRAGIN_11213,A
60_IRRAGIN_11214,A
60_IRRAGIN_11219,B
60_IRRAGIN_11227,F
60_IRRAGIN_11238,C
60_IRRAGIN_11310,E
60_IRRAGIN_11320,E
60_IRRAGIN_1133,B
60_IRRAGIN_1135,C
60_IRRAGIN_11367,G
60_IRRAGIN_11414,I
60_IRRAGIN_11440,D
60_IRRAGIN_11456,I
60_IRRAGIN_11480,I
60_IRRAGIN_11488,A
60_IRRAGIN_115,E
60_IRRAGIN_1168,I
60_IRRAGIN_11698,A
60_IRRAGIN_1174,C
60_IRRAGIN_1178,B
60_IRRAGIN_1180,E
60_IRRAGIN_11825,J
60_IRRAGIN_11826,E
60_IRRAGIN_11827,E
60_IRRAGIN_11828,B
60_IRRAGIN_1186,G
60_IRRAGIN_11888,A
61_AETHELNEY_1004,C
61_AETHELNEY_10058,E
61_AETHELNEY_10062,C
61_AETHELNEY_1019,B
61_AETHELNEY_10236,C
61_AETHELNEY_10238,E
61_AETHELNEY_10239,I
61_AETHELNEY_1024,D
61_AETHELNEY_10254,A
61_AETHELNEY_10266,J
61_AETHELNEY_10296,E
61_AETHELNEY_1036,G
61_AETHELNEY_10420,G
61_AETHELNEY_10421,C
61_AETHELNEY_10441,D
61_AETHELNEY_10443,F
61_AETHELNEY_10451,B
61_AETHELNEY_10453,A
61_AETHELNEY_10472,D
61_AETHELNEY_10579,G
61_AETHELNEY_10596,I
61_AETHELNEY_1060,E
61_AETHELNEY_10609,D
61_AETHELNEY_1061,H
61_AETHELNEY_10626,E
61_AETHELNEY_1064,A
61_AETHELNEY_1065,G
61_AETHELNEY_10680,D
61_AETHELNEY_10723,I
61_AETHELNEY_10727,I
61_AETHELNEY_10874,G
61_AETHELNEY_10895,G
61_AETHELNEY_10927,G
61_AETHELNEY_1094,H
61_AETHELNEY_10957,D
61_AETHELNEY_11067,I
61_AETHELNEY_11089,B
61_AETHELNEY_11141,C
61_AETHELNEY_11152,C
61_AETHELNEY_11196,G
61_AETHELNEY_11213,J
61_AETHELNEY_11214,H
61_AETHELNEY_11219,J
61_AETHELNEY_11238,F
61_AETHELNEY_1135,H
61_AETHELNEY_11367,B
61_AETHELNEY_11414,F
61_AETHELNEY_11440,B
61_AETHELNEY_11456,H
61_AETHELNEY_11488,D
61_AETHELNEY_115,F
61_AETHELNEY_1168,G
61_AETHELNEY_1174,C
61_AETHELNEY_1178,F
61_AETHELNEY_1180,J
61_AETHELNEY_11825,G
61_AETHELNEY_11826,C
61_AETHELNEY_11827,G
61_AETHELNEY_11828,A
61_AETHELNEY_1186,E
61_AETHELNEY_11888,G
62_KILMARNOCK_1004,D
62_KILMARNOCK_10058,A
62_KILMARNOCK_10062,D
62_KILMARNOCK_10236,H
62_KILMARNOCK_10238,B
62_KILMARNOCK_1024,G
62_KILMARNOCK_10254,F
62_KILMARNOCK_10266,C
62_KILMARNOCK_10296,J
62_KILMARNOCK_1036,B
62_KILMARNOCK_10420,H
62_KILMARNOCK_10421,F
62_KILMARNOCK_10441,E
62_KILMARNOCK_10443,I
62_KILMARNOCK_10451,J
62_KILMARNOCK_10453,E
62_KILMARNOCK_10472,F
62_KILMARNOCK_10596,D
62_KILMARNOCK_1060,E
62_KILMARNOCK_1061,B
62_KILMARNOCK_10626,I
62_KILMARNOCK_1064,I
62_KILMARNOCK_1065,H
62_KILMARNOCK_10723,F
62_KILMARNOCK_10727,I
62_KILMARNOCK_10895,H
62_KILMARNOCK_10927,D
62_KILMARNOCK_1094,C
62_KILMARNOCK_10957,A
62_KILMARNOCK_11067,D
62_KILMARNOCK_11089,G
62_KILMARNOCK_11141,H
62_KILMARNOCK_11152,G
62_KILMARNOCK_11196,H
62_KILMARNOCK_11200,J
62_KILMARNOCK_11213,C
62_KILMARNOCK_11214,H
62_KILMARNOCK_11219,G
62_KILMARNOCK_1135,A
62_KILMARNOCK_11414,I
62_KILMARNOCK_11440,A
62_KILMARNOCK_11456,H
62_KILMARNOCK_11488,E
62_KILMARNOCK_1174,B
62_KILMARNOCK_1178,J
62_KILMARNOCK_1180,G
62_KILMARNOCK_11825,I
62_KILMARNOCK_11826,C
62_KILMARNOCK_11827,H
62_KILMARNOCK_11828,J
62_KILMARNOCK_11888,D
63_SWORDBREAK_1004,B
63_SWORDBREAK_10058,E
63_SWORDBREAK_10236,J
63_SWORDBREAK_1024,H
63_SWORDBREAK_10264,C
63_SWORDBREAK_10266,B
63_SWORDBREAK_1036,E
63_SWORDBREAK_10420,E
63_SWORDBREAK_10421,H
63_SWORDBREAK_10443,C
63_SWORDBREAK_10451,J
63_SWORDBREAK_10472,I
63_SWORDBREAK_10596,E
63_SWORDBREAK_1060,D
63_SWORDBREAK_10603,I
63_SWORDBREAK_1064,F
63_SWORDBREAK_1065,D
63_SWORDBREAK_10723,D
63_SWORDBREAK_10727,D
63_SWORDBREAK_1094,D
63_SWORDBREAK_10957,F
63_SWORDBREAK_11067,G
63_SWORDBREAK_11141,D
63_SWORDBREAK_11213,J
63_SWORDBREAK_11214,C
63_SWORDBREAK_11219,C
63_SWORDBREAK_1135,C
63_SWORDBREAK_11440,H
63_SWORDBREAK_11488,G
63_SWORDBREAK_1174,E
63_SWORDBREAK_1178,J
63_SWORDBREAK_1180,B
63_SWORDBREAK_11825,C
63_SWORDBREAK_11826,I
63_SWORDBREAK_11827,H
63_SWORDBREAK_11828,J
63_SWORDBREAK_11888,E
64_CESTERFIELD_1004,D
64_CESTERFIELD_10058,A
64_CESTERFIELD_10062,C
64_CESTERFIELD_1019,G
64_CESTERFIELD_10236,A
64_CESTERFIELD_10238,H
64_CESTERFIELD_10239,B
64_CESTERFIELD_1024,B
64_CESTERFIELD_10254,A
64_CESTERFIELD_10266,F
64_CESTERFIELD_10296,B
64_CESTERFIELD_1036,A
64_CESTERFIELD_10420,D
64_CESTERFIELD_10421,E
64_CESTERFIELD_10441,B
64_CESTERFIELD_10443,C
64_CESTERFIELD_10451,F
64_CESTERFIELD_10453,H
64_CESTERFIELD_10469,D
64_CESTERFIELD_10472,G
64_CESTERFIELD_10579,B
64_CESTERFIELD_10596,A
64_CESTERFIELD_1060,F
64_CESTERFIELD_10603,A
64_CESTERFIELD_10609,B
64_CESTERFIELD_1061,C
64_CESTERFIELD_10626,D
64_CESTERFIELD_1064,D
64_CESTERFIELD_1065,G
64_CESTERFIELD_10680,E
64_CESTERFIELD_10723,H
64_CESTERFIELD_10727,D
64_CESTERFIELD_10750,J
64_CESTERFIELD_10874,B
64_CESTERFIELD_10895,I
64_CESTERFIELD_10927,B
64_CESTERFIELD_1094,B
64_CESTERFIELD_10957,G
64_CESTERFIELD_11067,J
64_CESTERFIELD_11089,B
64_CESTERFIELD_11141,F
64_CESTERFIELD_11152,C
64_CESTERFIELD_11196,C
64_CESTERFIELD_11199,C
64_CESTERFIELD_11213,D
64_CESTERFIELD_11214,J
64_CESTERFIELD_11219,F
64_CESTERFIELD_11227,I
64_CESTERFIELD_11238,E
64_CESTERFIELD_11320,C
64_CESTERFIELD_1135,C
64_CESTERFIELD_11354,A
64_CESTERFIELD_11367,G
64_CESTERFIELD_11414,G
64_CESTERFIELD_11456,H
64_CESTERFIELD_11480,J
64_CESTERFIELD_11488,B
64_CESTERFIELD_115,C
64_CESTERFIELD_1174,B
64_CESTERFIELD_11771,A
64_CESTERFIELD_1178,I
64_CESTERFIELD_1180,H
64_CESTERFIELD_11825,C
64_CESTERFIELD_11826,B
64_CESTERFIELD_11827,A
64_CESTERFIELD_11828,B
64_CESTERFIELD_1186,G
64_CESTERFIELD_11888,I
65_LUTON_10058,C
65_LUTON_10236,A
65_LUTON_10239,H
65_LUTON_1024,G
65_LUTON_10420,A
65_LUTON_10421,H
65_LUTON_10441,D
65_LUTON_10443,E
65_LUTON_10451,D
65_LUTON_10472,G
65_LUTON_10596,C
65_LUTON_1060,D
65_LUTON_10609,E
65_LUTON_10626,F
65_LUTON_10723,D
65_LUTON_10727,E
65_LUTON_10957,D
65_LUTON_11067,J
65_LUTON_11089,I
65_LUTON_11141,B
65_LUTON_11213,G
65_LUTON_11214,B
65_LUTON_11219,F
65_LUTON_1135,F
65_LUTON_11456,G
65_LUTON_11488,I
65_LUTON_1174,J
65_LUTON_1178,H
65_LUTON_1180,I
65_LUTON_11825,A
65_LUTON_11826,D
65_LUTON_11827,I
65_LUTON_11828,A
65_LUTON_11888,D
66_EANVERNESS_1004,J
66_EANVERNESS_1005,F
66_EANVERNESS_10058,E
66_EANVERNESS_1006,F
66_EANVERNESS_10062,A
66_EANVERNESS_1012,E
66_EANVERNESS_1013,J
66_EANVERNESS_1019,B
66_EANVERNESS_1020,B
66_EANVERNESS_1021,C
66_EANVERNESS_1022,D
66_EANVERNESS_10236,H
66_EANVERNESS_10238,G
66_EANVERNESS_10239,A
66_EANVERNESS_1024,D
66_EANVERNESS_10254,D
66_EANVERNESS_10266,I
66_EANVERNESS_1029,D
66_EANVERNESS_10296,E
66_EANVERNESS_1031,J
66_EANVERNESS_1033,G
66_EANVERNESS_1035,C
66_EANVERNESS_1036,D
66_EANVERNESS_1039,H
66_EANVERNESS_10420,I
66_EANVERNESS_10421,H
66_EANVERNESS_10441,I
66_EANVERNESS_10443,G
66_EANVERNESS_10451,G
66_EANVERNESS_10453,B
66_EANVERNESS_10469,G
66_EANVERNESS_10472,C
66_EANVERNESS_10579,A
66_EANVERNESS_10596,H
66_EANVERNESS_1060,A
66_EANVERNESS_10603,B
66_EANVERNESS_10609,D
66_EANVERNESS_1061,D
66_EANVERNESS_10626,A
66_EANVERNESS_1064,G
66_EANVERNESS_1065,C
66_EANVERNESS_10676,E
66_EANVERNESS_10680,B
66_EANVERNESS_10723,E
66_EANVERNESS_10727,J
66_EANVERNESS_10874,C
66_EANVERNESS_10895,J
66_EANVERNESS_10927,E
66_EANVERNESS_1094,H
66_EANVERNESS_10957,H
66_EANVERNESS_11067,H
66_EANVERNESS_11089,B
66_EANVERNESS_1112,E
66_EANVERNESS_11141,E
66_EANVERNESS_11152,J
66_EANVERNESS_11196,G
66_EANVERNESS_11199,H
66_EANVERNESS_11213,E
66_EANVERNESS_11214,B
66_EANVERNESS_11219,C
66_EANVERNESS_11227,F
66_EANVERNESS_11238,I
66_EANVERNESS_11310,B
66_EANVERNESS_11320,F
66_EANVERNESS_1133,H
66_EANVERNESS_1135,G
66_EANVERNESS_11353,E
66_EANVERNESS_11367,A
66_EANVERNESS_11414,I
66_EANVERNESS_11440,F
66_EANVERNESS_11449,I
66_EANVERNESS_11456,D
66_EANVERNESS_11480,J
66_EANVERNESS_11488,E
66_EANVERNESS_115,D
66_EANVERNESS_1168,F
66_EANVERNESS_11698,E
66_EANVERNESS_1174,I
66_EANVERNESS_11771,E
66_EANVERNESS_1178,A
66_EANVERNESS_1180,I
66_EANVERNESS_11825,G
66_EANVERNESS_11826,D
66_EANVERNESS_11827,G
66_EANVERNESS_11828,D
66_EANVERNESS_1186,G
66_EANVERNESS_11888,D
67_EANVERNESS_1004,H
67_EANVERNESS_10058,F
67_EANVERNESS_10062,D
67_EANVERNESS_1009,I
67_EANVERNESS_1012,F
67_EANVERNESS_1013,F
67_EANVERNESS_1019,B
67_EANVERNESS_1021,F
67_EANVERNESS_1022,J
67_EANVERNESS_10236,J
67_EANVERNESS_10238,A
67_EANVERNESS_10239,J
67_EANVERNESS_1024,C
67_EANVERNESS_10254,D
67_EANVERNESS_10264,B
67_EANVERNESS_10266,C
67_EANVERNESS_1029,E
67_EANVERNESS_10296,A
67_EANVERNESS_1031,J
67_EANVERNESS_1036,C
67_EANVERNESS_10420,C
67_EANVERNESS_10421,J
67_EANVERNESS_10441,J
67_EANVERNESS_10443,B
67_EANVERNESS_10451,I
67_EANVERNESS_10453,C
67_EANVERNESS_10469,E
67_EANVERNESS_10472,B
67_EANVERNESS_1051,J
67_EANVERNESS_10579,G
67_EANVERNESS_10596,G
67_EANVERNESS_1060,C
67_EANVERNESS_10603,E
67_EANVERNESS_10609,E
67_EANVERNESS_1061,D
67_EANVERNESS_10626,H
67_EANVERNESS_1064,C
67_EANVERNESS_1065,G
67_EANVERNESS_10676,H
67_EANVERNESS_10680,F
67_EANVERNESS_10723,D
67_EANVERNESS_10727,D
67_EANVERNESS_10874,H
67_EANVERNESS_10895,I
67_EANVERNESS_10927,F
67_EANVERNESS_1094,F
67_EANVERNESS_10957,B
67_EANVERNESS_11067,A
67_EANVERNESS_11089,F
67_EANVERNESS_1112,H
67_EANVERNESS_11141,I
67_EANVERNESS_11152,A
67_EANVERNESS_11196,H
67_EANVERNESS_11199,G
67_EANVERNESS_11200,F
67_EANVERNESS_11213,J
67_EANVERNESS_11214,J
67_EANVERNESS_11219,A
67_EANVERNESS_11227,A
67_EANVERNESS_11238,A
67_EANVERNESS_11310,F
67_EANVERNESS_11320,D
67_EANVERNESS_1133,G
67_EANVERNESS_1135,A
67_EANVERNESS_11353,G
67_EANVERNESS_11367,F
67_EANVERNESS_11414,I
67_EANVERNESS_11440,I
67_EANVERNESS_11449,B
67_EANVERNESS_11456,F
67_EANVERNESS_11480,B
67_EANVERNESS_11488,G
67_EANVERNESS_115,F
67_EANVERNESS_1168,G
67_EANVERNESS_11698,J
67_EANVERNESS_1174,H
67_EANVERNESS_11771,D
67_EANVERNESS_1178,H
67_EANVERNESS_1180,D
67_EANVERNESS_11825,H
67_EANVERNESS_11826,D
67_EANVERNESS_11827,C
67_EANVERNESS_11828,C
67_EANVERNESS_1186,H
67_EANVERNESS_11888,A
68_SOLARIS_1004,D
68_SOLARIS_1005,J
68_SOLARIS_10058,C
68_SOLARIS_1019,A
68_SOLARIS_10236,B
68_SOLARIS_10238,E
68_SOLARIS_10239,A
68_SOLARIS_1024,A
68_SOLARIS_10254,F
68_SOLARIS_10266,A
68_SOLARIS_10296,H
68_SOLARIS_1036,B
68_SOLARIS_10420,F
68_SOLARIS_10421,D
68_SOLARIS_10441,J
68_SOLARIS_10443,I
68_SOLARIS_10451,B
68_SOLARIS_10453,B
68_SOLARIS_10472,I
68_SOLARIS_10579,C
68_SOLARIS_10596,G
68_SOLARIS_1060,E
68_SOLARIS_10603,B
68_SOLARIS_10609,F
68_SOLARIS_1061,E
68_SOLARIS_10626,E
68_SOLARIS_1064,A
68_SOLARIS_10680,J
68_SOLARIS_10723,E
68_SOLARIS_10727,I
68_SOLARIS_10874,J
68_SOLARIS_10895,B
68_SOLARIS_10927,F
68_SOLARIS_1094,B
68_SOLARIS_10957,C
68_SOLARIS_11089,D
68_SOLARIS_1112,F
68_SOLARIS_11141,G
68_SOLARIS_11196,H
68_SOLARIS_11213,G
68_SOLARIS_11214,D
68_SOLARIS_11219,G
68_SOLARIS_11227,H
68_SOLARIS_11238,C
68_SOLARIS_11320,G
68_SOLARIS_1135,D
68_SOLARIS_11354,G
68_SOLARIS_11367,F
68_SOLARIS_11414,H
68_SOLARIS_11440,E
68_SOLARIS_11449,H
68_SOLARIS_11456,D
68_SOLARIS_11480,I
68_SOLARIS_11488,H
68_SOLARIS_115,E
68_SOLARIS_11698,J
68_SOLARIS_1174,E
68_SOLARIS_1178,C
68_SOLARIS_1180,F
68_SOLARIS_11825,J
68_SOLARIS_11826,B
68_SOLARIS_11827,B
68_SOLARIS_11828,B
68_SOLARIS_11888,E
69_MOUNTMEND_1004,G
69_MOUNTMEND_1005,B
69_MOUNTMEND_10058,H
69_MOUNTMEND_10062,G
69_MOUNTMEND_1009,H
69_MOUNTMEND_1012,E
69_MOUNTMEND_1019,H
69_MOUNTMEND_1021,E
69_MOUNTMEND_1022,B
69_MOUNTMEND_10236,J
69_MOUNTMEND_10238,E
69_MOUNTMEND_10239,C
69_MOUNTMEND_1024,G
69_MOUNTMEND_10254,J
69_MOUNTMEND_10266,A
69_MOUNTMEND_1029,D
69_MOUNTMEND_10296,G
69_MOUNTMEND_1031,C
69_MOUNTMEND_1036,J
69_MOUNTMEND_10420,F
69_MOUNTMEND_10421,H
69_MOUNTMEND_10441,I
69_MOUNTMEND_10443,E
69_MOUNTMEND_10451,C
69_MOUNTMEND_10453,C
69_MOUNTMEND_10469,A
69_MOUNTMEND_10472,B
69_MOUNTMEND_1051,H
69_MOUNTMEND_10579,D
69_MOUNTMEND_10596,J
69_MOUNTMEND_1060,E
69_MOUNTMEND_10603,I
69_MOUNTMEND_10609,I
69_MOUNTMEND_1061,B
69_MOUNTMEND_10626,I
69_MOUNTMEND_1064,I
69_MOUNTMEND_1065,D
69_MOUNTMEND_10676,E
69_MOUNTMEND_10680,F
69_MOUNTMEND_10723,B
69_MOUNTMEND_10727,E
69_MOUNTMEND_10750,D
69_MOUNTMEND_10874,I
69_MOUNTMEND_10895,J
69_MOUNTMEND_10927,H
69_MOUNTMEND_1094,I
69_MOUNTMEND_10957,I
69_MOUNTMEND_11089,G
69_MOUNTMEND_1112,D
69_MOUNTMEND_11141,B
69_MOUNTMEND_11152,I
69_MOUNTMEND_11196,D
69_MOUNTMEND_11199,H
69_MOUNTMEND_11200,G
69_MOUNTMEND_11213,H
69_MOUNTMEND_11214,J
69_MOUNTMEND_11219,C
69_MOUNTMEND_11227,B
69_MOUNTMEND_11238,F
69_MOUNTMEND_11310,I
69_MOUNTMEND_11320,I
69_MOUNTMEND_1133,G
69_MOUNTMEND_1135,F
69_MOUNTMEND_11353,E
69_MOUNTMEND_11354,B
69_MOUNTMEND_11367,A
69_MOUNTMEND_11414,C
69_MOUNTMEND_11440,B
69_MOUNTMEND_11449,E
69_MOUNTMEND_11456,E
69_MOUNTMEND_11480,H
69_MOUNTMEND_11488,G
69_MOUNTMEND_115,F
69_MOUNTMEND_1168,J
69_MOUNTMEND_1174,I
69_MOUNTMEND_11771,A
69_MOUNTMEND_1178,D
69_MOUNTMEND_1180,D
69_MOUNTMEND_11825,E
69_MOUNTMEND_11826,F
69_MOUNTMEND_11827,E
69_MOUNTMEND_11828,G
69_MOUNTMEND_1186,A
69_MOUNTMEND_11888,D
7_STANMORE_1004,I
7_STANMORE_10058,D
7_STANMORE_10062,J
7_STANMORE_1019,J
7_STANMORE_10236,H
7_STANMORE_10239,I
7_STANMORE_1024,J
7_STANMORE_10254,H
7_STANMORE_10266,B
7_STANMORE_10296,H
7_STANMORE_1036,G
7_STANMORE_10420,C
7_STANMORE_10421,B
7_STANMORE_10441,E
7_STANMORE_10443,J
7_STANMORE_10451,E
7_STANMORE_10453,B
7_STANMORE_10472,F
7_STANMORE_10579,J
7_STANMORE_10596,D
7_STANMORE_1060,B
7_STANMORE_10609,G
7_STANMORE_1061,C
7_STANMORE_10626,H
7_STANMORE_1064,H
7_STANMORE_1065,I
7_STANMORE_10723,I
7_STANMORE_10727,I
7_STANMORE_1094,B
7_STANMORE_10957,D
7_STANMORE_11067,E
7_STANMORE_11089,D
7_STANMORE_11141,J
7_STANMORE_11152,C
7_STANMORE_11196,F
7_STANMORE_11213,B
7_STANMORE_11214,D
7_STANMORE_11219,J
7_STANMORE_1133,G
7_STANMORE_1135,F
7_STANMORE_11367,H
7_STANMORE_11414,F
7_STANMORE_11440,E
7_STANMORE_11456,A
7_STANMORE_11480,J
7_STANMORE_11488,I
7_STANMORE_115,B
7_STANMORE_1168,E
7_STANMORE_11698,J
7_STANMORE_1174,J
7_STANMORE_1178,G
7_STANMORE_1180,A
7_STANMORE_11825,H
7_STANMORE_11826,I
7_STANMORE_11827,E
7_STANMORE_11828,D
7_STANMORE_1186,F
7_STANMORE_11888,C
70_KELD_1004,G
70_KELD_10058,F
70_KELD_10236,F
70_KELD_10239,I
70_KELD_1024,I
70_KELD_10254,J
70_KELD_10266,A
70_KELD_10296,B
70_KELD_1036,J
70_KELD_10420,F
70_KELD_10421,B
70_KELD_10443,H
70_KELD_10451,F
70_KELD_10453,G
70_KELD_10472,I
70_KELD_10579,I
70_KELD_10596,B
70_KELD_1060,C
70_KELD_10609,A
70_KELD_1065,A
70_KELD_10680,E
70_KELD_10723,C
70_KELD_10727,C
70_KELD_10874,J
70_KELD_10895,D
70_KELD_10927,H
70_KELD_1094,I
70_KELD_10957,F
70_KELD_11067,I
70_KELD_11141,J
70_KELD_11196,E
70_KELD_11213,H
70_KELD_11214,D
70_KELD_11219,B
70_KELD_1135,B
70_KELD_11414,H
70_KELD_11440,E
70_KELD_11456,C
70_KELD_11488,G
70_KELD_1174,I
70_KELD_1178,B
70_KELD_1180,F
70_KELD_11825,C
70_KELD_11826,B
70_KELD_11827,A
70_KELD_11828,E
70_KELD_11888,F
71_CLARCTON_1004,G
71_CLARCTON_10058,H
71_CLARCTON_10062,A
71_CLARCTON_1019,F
71_CLARCTON_10236,G
71_CLARCTON_10238,J
71_CLARCTON_1024,B
71_CLARCTON_10254,G
71_CLARCTON_10266,H
71_CLARCTON_1036,J
71_CLARCTON_10420,F
71_CLARCTON_10421,J
71_CLARCTON_10443,D
71_CLARCTON_10451,C
71_CLARCTON_10453,D
71_CLARCTON_10472,G
71_CLARCTON_1051,E
71_CLARCTON_10579,G
71_CLARCTON_10596,C
71_CLARCTON_1060,A
71_CLARCTON_10609,F
71_CLARCTON_1061,J
71_CLARCTON_10626,B
71_CLARCTON_1064,A
71_CLARCTON_10723,A
71_CLARCTON_10727,C
71_CLARCTON_10874,B
71_CLARCTON_10895,G
71_CLARCTON_1094,B
71_CLARCTON_10957,A
71_CLARCTON_11067,E
71_CLARCTON_11089,B
71_CLARCTON_11141,B
71_CLARCTON_11152,C
71_CLARCTON_11196,F
71_CLARCTON_11213,E
71_CLARCTON_11214,I
71_CLARCTON_11219,B
71_CLARCTON_1135,H
71_CLARCTON_11367,F
71_CLARCTON_11414,H
71_CLARCTON_11456,G
71_CLARCTON_11488,H
71_CLARCTON_115,B
71_CLARCTON_1174,I
71_CLARCTON_1178,F
71_CLARCTON_1180,A
71_CLARCTON_11825,I
71_CLARCTON_11826,D
71_CLARCTON_11827,J
71_CLARCTON_11828,C
71_CLARCTON_1186,A
71_CLARCTON_11888,A
72_HARDERSFIELD_1004,A
72_HARDERSFIELD_10058,H
72_HARDERSFIELD_1019,C
72_HARDERSFIELD_10236,H
72_HARDERSFIELD_1024,C
72_HARDERSFIELD_10254,F
72_HARDERSFIELD_10266,B
72_HARDERSFIELD_1036,J
72_HARDERSFIELD_10420,D
72_HARDERSFIELD_10421,C
72_HARDERSFIELD_10443,E
72_HARDERSFIELD_10451,C
72_HARDERSFIELD_10453,B
72_HARDERSFIELD_10472,C
72_HARDERSFIELD_10579,D
72_HARDERSFIELD_10596,F
72_HARDERSFIELD_1060,I
72_HARDERSFIELD_1061,C
72_HARDERSFIELD_10626,E
72_HARDERSFIELD_1064,G
72_HARDERSFIELD_1065,F
72_HARDERSFIELD_10676,C
72_HARDERSFIELD_10723,B
72_HARDERSFIELD_10727,A
72_HARDERSFIELD_10874,F
72_HARDERSFIELD_1094,F
72_HARDERSFIELD_10957,C
72_HARDERSFIELD_11067,A
72_HARDERSFIELD_11141,B
72_HARDERSFIELD_11152,B
72_HARDERSFIELD_11196,J
72_HARDERSFIELD_11213,J
72_HARDERSFIELD_11214,C
72_HARDERSFIELD_11219,D
72_HARDERSFIELD_1135,I
72_HARDERSFIELD_11414,E
72_HARDERSFIELD_11456,F
72_HARDERSFIELD_11488,J
72_HARDERSFIELD_115,H
72_HARDERSFIELD_1174,A
72_HARDERSFIELD_1178,C
72_HARDERSFIELD_1180,D
72_HARDERSFIELD_11825,F
72_HARDERSFIELD_11826,J
72_HARDERSFIELD_11827,B
72_HARDERSFIELD_11828,J
72_HARDERSFIELD_11888,J
73_DONCASTER_1004,A
73_DONCASTER_1005,A
73_DONCASTER_10058,B
73_DONCASTER_10062,G
73_DONCASTER_1012,E
73_DONCASTER_1019,C
73_DONCASTER_1021,E
73_DONCASTER_1022,B
73_DONCASTER_10236,G
73_DONCASTER_10238,D
73_DONCASTER_10239,C
73_DONCASTER_1024,G
73_DONCASTER_10254,D
73_DONCASTER_10264,H
73_DONCASTER_10266,E
73_DONCASTER_1029,I
73_DONCASTER_10296,G
73_DONCASTER_1031,D
73_DONCASTER_1035,F
73_DONCASTER_1036,J
73_DONCASTER_1037,D
73_DONCASTER_1039,E
73_DONCASTER_10420,H
73_DONCASTER_10421,B
73_DONCASTER_10441,J
73_DONCASTER_10443,C
73_DONCASTER_10451,C
73_DONCASTER_10453,B
73_DONCASTER_10469,F
73_DONCASTER_10472,G
73_DONCASTER_10579,C
73_DONCASTER_10596,C
73_DONCASTER_1060,J
73_DONCASTER_10603,C
73_DONCASTER_10609,C
73_DONCASTER_1061,G
73_DONCASTER_10626,C
73_DONCASTER_1064,E
73_DONCASTER_1065,A
73_DONCASTER_10676,J
73_DONCASTER_10680,A
73_DONCASTER_10723,F
73_DONCASTER_10727,I
73_DONCASTER_10750,F
73_DONCASTER_10874,H
73_DONCASTER_10895,I
73_DONCASTER_10927,I
73_DONCASTER_1094,D
73_DONCASTER_10957,I
73_DONCASTER_11067,F
73_DONCASTER_11089,C
73_DONCASTER_1112,F
73_DONCASTER_11141,G
73_DONCASTER_11152,D
73_DONCASTER_11196,H
73_DONCASTER_11199,B
73_DONCASTER_11200,E
73_DONCASTER_11213,J
73_DONCASTER_11214,C
73_DONCASTER_11219,D
73_DONCASTER_11227,J
73_DONCASTER_11238,J
73_DONCASTER_11310,C
73_DONCASTER_11320,D
73_DONCASTER_1133,E
73_DONCASTER_1135,F
73_DONCASTER_11353,B
73_DONCASTER_11354,B
73_DONCASTER_11367,F
73_DONCASTER_11414,D
73_DONCASTER_11440,H
73_DONCASTER_11449,B
73_DONCASTER_11456,E
73_DONCASTER_11480,G
73_DONCASTER_11488,B
73_DONCASTER_115,B
73_DONCASTER_1168,G
73_DONCASTER_11698,C
73_DONCASTER_1174,E
73_DONCASTER_11771,I
73_DONCASTER_1178,D
73_DONCASTER_1180,D
73_DONCASTER_11825,A
73_DONCASTER_11826,H
73_DONCASTER_11827,C
73_DONCASTER_11828,H
73_DONCASTER_1186,F
73_DONCASTER_11888,C
74_PAENTMARWY_1004,D
74_PAENTMARWY_10058,D
74_PAENTMARWY_10062,F
74_PAENTMARWY_1019,A
74_PAENTMARWY_1020,D
74_PAENTMARWY_10236,H
74_PAENTMARWY_10238,D
74_PAENTMARWY_10239,B
74_PAENTMARWY_1024,A
74_PAENTMARWY_10254,C
74_PAENTMARWY_10266,F
74_PAENTMARWY_10296,E
74_PAENTMARWY_1031,J
74_PAENTMARWY_1036,F
74_PAENTMARWY_10420,G
74_PAENTMARWY_10421,G
74_PAENTMARWY_10441,J
74_PAENTMARWY_10443,I
74_PAENTMARWY_10451,G
74_PAENTMARWY_10453,H
74_PAENTMARWY_10469,A
74_PAENTMARWY_10472,F
74_PAENTMARWY_1051,J
74_PAENTMARWY_10579,J
74_PAENTMARWY_10596,H
74_PAENTMARWY_1060,C
74_PAENTMARWY_10603,I
74_PAENTMARWY_10609,A
74_PAENTMARWY_1061,D
74_PAENTMARWY_10626,F
74_PAENTMARWY_1065,I
74_PAENTMARWY_10676,F
74_PAENTMARWY_10680,E
74_PAENTMARWY_10723,J
74_PAENTMARWY_10727,D
74_PAENTMARWY_10750,D
74_PAENTMARWY_10874,B
74_PAENTMARWY_10895,D
74_PAENTMARWY_10927,A
74_PAENTMARWY_1094,C
74_PAENTMARWY_10957,E
74_PAENTMARWY_11067,A
74_PAENTMARWY_11089,F
74_PAENTMARWY_11141,J
74_PAENTMARWY_11152,A
74_PAENTMARWY_11196,A
74_PAENTMARWY_11199,F
74_PAENTMARWY_11200,A
74_PAENTMARWY_11213,C
74_PAENTMARWY_11214,H
74_PAENTMARWY_11219,I
74_PAENTMARWY_11227,C
74_PAENTMARWY_11238,B
74_PAENTMARWY_11310,E
74_PAENTMARWY_11320,J
74_PAENTMARWY_1133,G
74_PAENTMARWY_1135,I
74_PAENTMARWY_11353,C
74_PAENTMARWY_11354,J
74_PAENTMARWY_11367,A
74_PAENTMARWY_11414,J
74_PAENTMARWY_11440,D
74_PAENTMARWY_11449,D
74_PAENTMARWY_11456,G
74_PAENTMARWY_11480,F
74_PAENTMARWY_11488,J
74_PAENTMARWY_115,F
74_PAENTMARWY_1168,A
74_PAENTMARWY_11698,G
74_PAENTMARWY_1174,H
74_PAENTMARWY_11771,D
74_PAENTMARWY_1178,A
74_PAENTMARWY_1180,I
74_PAENTMARWY_11825,A
74_PAENTMARWY_11826,G
74_PAENTMARWY_11827,F
74_PAENTMARWY_11828,A
74_PAENTMARWY_1186,I
74_PAENTMARWY_11888,A
75_BARNCOMBE_1004,J
75_BARNCOMBE_10058,D
75_BARNCOMBE_10062,I
75_BARNCOMBE_1019,A
75_BARNCOMBE_10236,A
75_BARNCOMBE_10238,E
75_BARNCOMBE_1024,G
75_BARNCOMBE_10254,G
75_BARNCOMBE_10266,I
75_BARNCOMBE_1036,H
75_BARNCOMBE_10420,G
75_BARNCOMBE_10421,H
75_BARNCOMBE_10443,G
75_BARNCOMBE_10451,A
75_BARNCOMBE_10472,G
75_BARNCOMBE_10579,B
75_BARNCOMBE_10596,A
75_BARNCOMBE_1060,G
75_BARNCOMBE_10609,E
75_BARNCOMBE_1061,C
75_BARNCOMBE_10626,D
75_BARNCOMBE_1064,F
75_BARNCOMBE_1065,I
75_BARNCOMBE_10680,D
75_BARNCOMBE_10723,D
75_BARNCOMBE_10727,C
75_BARNCOMBE_1094,J
75_BARNCOMBE_10957,E
75_BARNCOMBE_11067,H
75_BARNCOMBE_11089,H
75_BARNCOMBE_11141,D
75_BARNCOMBE_11213,J
75_BARNCOMBE_11214,B
75_BARNCOMBE_11219,B
75_BARNCOMBE_1135,D
75_BARNCOMBE_11367,H
75_BARNCOMBE_11414,C
75_BARNCOMBE_11456,F
75_BARNCOMBE_11488,I
75_BARNCOMBE_115,I
75_BARNCOMBE_1174,G
75_BARNCOMBE_1178,F
75_BARNCOMBE_1180,C
75_BARNCOMBE_11825,E
75_BARNCOMBE_11826,J
75_BARNCOMBE_11827,E
75_BARNCOMBE_11828,B
75_BARNCOMBE_1186,G
75_BARNCOMBE_11888,B
76_DONCASTER_1004,F
76_DONCASTER_1005,H
76_DONCASTER_10058,A
76_DONCASTER_10062,B
76_DONCASTER_1012,H
76_DONCASTER_1019,E
76_DONCASTER_1021,G
76_DONCASTER_10236,I
76_DONCASTER_10238,E
76_DONCASTER_10239,E
76_DONCASTER_1024,F
76_DONCASTER_10254,J
76_DONCASTER_10264,F
76_DONCASTER_10266,I
76_DONCASTER_10296,D
76_DONCASTER_1031,B
76_DONCASTER_1036,A
76_DONCASTER_10420,J
76_DONCASTER_10421,E
76_DONCASTER_10441,G
76_DONCASTER_10443,C
76_DONCASTER_10451,D
76_DONCASTER_10453,E
76_DONCASTER_10472,G
76_DONCASTER_10579,G
76_DONCASTER_10596,A
76_DONCASTER_1060,J
76_DONCASTER_10603,H
76_DONCASTER_10609,F
76_DONCASTER_1061,B
76_DONCASTER_10626,E
76_DONCASTER_1064,I
76_DONCASTER_1065,C
76_DONCASTER_10676,I
76_DONCASTER_10680,H
76_DONCASTER_10723,D
76_DONCASTER_10727,C
76_DONCASTER_10750,H
76_DONCASTER_10874,B
76_DONCASTER_10895,D
76_DONCASTER_10927,J
76_DONCASTER_1094,A
76_DONCASTER_10957,D
76_DONCASTER_11067,E
76_DONCASTER_11089,H
76_DONCASTER_1112,J
76_DONCASTER_11141,J
76_DONCASTER_11152,C
76_DONCASTER_11196,H
76_DONCASTER_11199,D
76_DONCASTER_11200,G
76_DONCASTER_11213,G
76_DONCASTER_11214,G
76_DONCASTER_11219,A
76_DONCASTER_11227,E
76_DONCASTER_11238,F
76_DONCASTER_11310,D
76_DONCASTER_11320,B
76_DONCASTER_1133,D
76_DONCASTER_1135,C
76_DONCASTER_11354,E
76_DONCASTER_11367,I
76_DONCASTER_11414,D
76_DONCASTER_11440,C
76_DONCASTER_11449,H
76_DONCASTER_11456,H
76_DONCASTER_11480,D
76_DONCASTER_11488,A
76_DONCASTER_115,H
76_DONCASTER_1168,A
76_DONCASTER_11698,H
76_DONCASTER_1174,J
76_DONCASTER_1178,B
76_DONCASTER_1180,I
76_DONCASTER_11825,B
76_DONCASTER_11826,D
76_DONCASTER_11827,B
76_DONCASTER_11828,B
76_DONCASTER_1186,D
76_DONCASTER_11888,B
77_TAMWORTH_10058,A
77_TAMWORTH_1019,F
77_TAMWORTH_10236,A
77_TAMWORTH_10238,A
77_TAMWORTH_1024,F
77_TAMWORTH_10266,A
77_TAMWORTH_10296,C
77_TAMWORTH_1036,C
77_TAMWORTH_10420,A
77_TAMWORTH_10421,E
77_TAMWORTH_10451,A
77_TAMWORTH_10472,B
77_TAMWORTH_10579,H
77_TAMWORTH_10596,C
77_TAMWORTH_1060,D
77_TAMWORTH_10609,C
77_TAMWORTH_1061,D
77_TAMWORTH_10626,G
77_TAMWORTH_1064,J
77_TAMWORTH_10723,C
77_TAMWORTH_10727,B
77_TAMWORTH_10874,C
77_TAMWORTH_1094,D
77_TAMWORTH_10957,C
77_TAMWORTH_11089,E
77_TAMWORTH_11141,G
77_TAMWORTH_11152,G
77_TAMWORTH_11196,H
77_TAMWORTH_11213,I
77_TAMWORTH_11214,F
77_TAMWORTH_11219,C
77_TAMWORTH_1135,J
77_TAMWORTH_11414,F
77_TAMWORTH_11456,E
77_TAMWORTH_11488,D
77_TAMWORTH_115,F
77_TAMWORTH_1168,I
77_TAMWORTH_1174,A
77_TAMWORTH_1178,D
77_TAMWORTH_1180,C
77_TAMWORTH_11825,H
77_TAMWORTH_11826,F
77_TAMWORTH_11827,H
77_TAMWORTH_11828,J
77_TAMWORTH_11888,G
78_EASTHAVEN_10058,J
78_EASTHAVEN_10236,E
78_EASTHAVEN_10239,B
78_EASTHAVEN_1024,I
78_EASTHAVEN_10254,F
78_EASTHAVEN_10266,B
78_EASTHAVEN_10420,J
78_EASTHAVEN_10421,B
78_EASTHAVEN_10443,I
78_EASTHAVEN_10451,G
78_EASTHAVEN_10472,B
78_EASTHAVEN_10596,C
78_EASTHAVEN_1060,I
78_EASTHAVEN_10626,I
78_EASTHAVEN_10723,H
78_EASTHAVEN_10727,I
78_EASTHAVEN_10874,F
78_EASTHAVEN_10895,E
78_EASTHAVEN_1094,G
78_EASTHAVEN_10957,H
78_EASTHAVEN_11067,G
78_EASTHAVEN_11089,E
78_EASTHAVEN_11141,D
78_EASTHAVEN_11196,E
78_EASTHAVEN_11213,E
78_EASTHAVEN_11214,I
78_EASTHAVEN_11219,H
78_EASTHAVEN_1135,G
78_EASTHAVEN_11367,G
78_EASTHAVEN_11456,C
78_EASTHAVEN_11488,G
78_EASTHAVEN_1174,I
78_EASTHAVEN_1178,G
78_EASTHAVEN_1180,G
78_EASTHAVEN_11825,F
78_EASTHAVEN_11826,F
78_EASTHAVEN_11827,D
78_EASTHAVEN_11828,A
78_EASTHAVEN_11888,E
79_BALLYMENA_1004,J
79_BALLYMENA_10058,H
79_BALLYMENA_10062,E
79_BALLYMENA_1019,I
79_BALLYMENA_10236,J
79_BALLYMENA_10238,H
79_BALLYMENA_10239,E
79_BALLYMENA_1024,D
79_BALLYMENA_10254,E
79_BALLYMENA_10266,I
79_BALLYMENA_10296,B
79_BALLYMENA_1036,E
79_BALLYMENA_10420,B
79_BALLYMENA_10421,C
79_BALLYMENA_10441,D
79_BALLYMENA_10443,I
79_BALLYMENA_10451,J
79_BALLYMENA_10453,A
79_BALLYMENA_10469,H
79_BALLYMENA_10472,H
79_BALLYMENA_10579,B
79_BALLYMENA_10596,I
79_BALLYMENA_1060,J
79_BALLYMENA_10603,H
79_BALLYMENA_10609,A
79_BALLYMENA_1061,J
79_BALLYMENA_10626,E
79_BALLYMENA_1064,H
79_BALLYMENA_1065,A
79_BALLYMENA_10676,A
79_BALLYMENA_10680,F
79_BALLYMENA_10723,E
79_BALLYMENA_10727,I
79_BALLYMENA_10874,G
79_BALLYMENA_10895,E
79_BALLYMENA_10927,F
79_BALLYMENA_1094,I
79_BALLYMENA_10957,I
79_BALLYMENA_11067,C
79_BALLYMENA_11089,J
79_BALLYMENA_11141,E
79_BALLYMENA_11152,I
79_BALLYMENA_11196,F
79_BALLYMENA_11199,H
79_BALLYMENA_11213,I
79_BALLYMENA_11214,I
79_BALLYMENA_11219,B
79_BALLYMENA_11227,D
79_BALLYMENA_11238,D
79_BALLYMENA_11320,D
79_BALLYMENA_1135,C
79_BALLYMENA_11353,I
79_BALLYMENA_11367,F
79_BALLYMENA_11414,B
79_BALLYMENA_11440,H
79_BALLYMENA_11480,J
79_BALLYMENA_11488,H
79_BALLYMENA_115,A
79_BALLYMENA_1168,C
79_BALLYMENA_11698,F
79_BALLYMENA_1174,C
79_BALLYMENA_1178,B
79_BALLYMENA_1180,A
79_BALLYMENA_11825,H
79_BALLYMENA_11826,H
79_BALLYMENA_11827,B
79_BALLYMENA_11828,J
79_BALLYMENA_1186,I
79_BALLYMENA_11888,F
8_ALNERWICK_1004,B
8_ALNERWICK_10058,I
8_ALNERWICK_10062,I
8_ALNERWICK_1013,J
8_ALNERWICK_1019,A
8_ALNERWICK_10236,F
8_ALNERWICK_10239,A
8_ALNERWICK_1024,J
8_ALNERWICK_10254,B
8_ALNERWICK_10266,D
8_ALNERWICK_1036,A
8_ALNERWICK_10420,I
8_ALNERWICK_10421,J
8_ALNERWICK_10443,I
8_ALNERWICK_10451,A
8_ALNERWICK_10453,C
8_ALNERWICK_10472,F
8_ALNERWICK_10579,H
8_ALNERWICK_10596,J
8_ALNERWICK_1060,B
8_ALNERWICK_10609,C
8_ALNERWICK_1061,H
8_ALNERWICK_10626,G
8_ALNERWICK_1064,E
8_ALNERWICK_1065,C
8_ALNERWICK_10723,F
8_ALNERWICK_10727,G
8_ALNERWICK_10874,I
8_ALNERWICK_10895,G
8_ALNERWICK_1094,E
8_ALNERWICK_10957,C
8_ALNERWICK_11067,G
8_ALNERWICK_11089,J
8_ALNERWICK_11141,G
8_ALNERWICK_11152,J
8_ALNERWICK_11196,F
8_ALNERWICK_11213,A
8_ALNERWICK_11214,D
8_ALNERWICK_11219,J
8_ALNERWICK_1135,G
8_ALNERWICK_11367,D
8_ALNERWICK_11414,G
8_ALNERWICK_11456,J
8_ALNERWICK_11488,G
8_ALNERWICK_115,D
8_ALNERWICK_1168,E
8_ALNERWICK_1178,E
8_ALNERWICK_1180,I
8_ALNERWICK_11825,A
8_ALNERWICK_11826,F
8_ALNERWICK_11827,E
8_ALNERWICK_11828,B
8_ALNERWICK_11888,D
81_PEMBROKE_1004,G
81_PEMBROKE_10058,F
81_PEMBROKE_10062,G
81_PEMBROKE_1019,I
81_PEMBROKE_10236,I
81_PEMBROKE_10238,B
81_PEMBROKE_10239,D
81_PEMBROKE_1024,J
81_PEMBROKE_10254,E
81_PEMBROKE_10266,I
81_PEMBROKE_10296,E
81_PEMBROKE_1036,G
81_PEMBROKE_10420,J
81_PEMBROKE_10421,F
81_PEMBROKE_10441,C
81_PEMBROKE_10443,G
81_PEMBROKE_10451,H
81_PEMBROKE_10453,D
81_PEMBROKE_10472,H
81_PEMBROKE_10579,B
81_PEMBROKE_10596,B
81_PEMBROKE_1060,C
81_PEMBROKE_10603,H
81_PEMBROKE_10609,A
81_PEMBROKE_1061,B
81_PEMBROKE_10626,D
81_PEMBROKE_1065,J
81_PEMBROKE_10680,B
81_PEMBROKE_10723,F
81_PEMBROKE_10727,J
81_PEMBROKE_10750,H
81_PEMBROKE_10874,H
81_PEMBROKE_10895,D
81_PEMBROKE_10927,F
81_PEMBROKE_1094,D
81_PEMBROKE_10957,J
81_PEMBROKE_11067,D
81_PEMBROKE_11089,A
81_PEMBROKE_11141,B
81_PEMBROKE_11152,B
81_PEMBROKE_11196,A
81_PEMBROKE_11213,A
81_PEMBROKE_11214,E
81_PEMBROKE_11219,E
81_PEMBROKE_11238,I
81_PEMBROKE_11310,G
81_PEMBROKE_1133,I
81_PEMBROKE_1135,I
81_PEMBROKE_11353,C
81_PEMBROKE_11354,H
81_PEMBROKE_11367,G
81_PEMBROKE_11414,J
81_PEMBROKE_11440,H
81_PEMBROKE_11449,G
81_PEMBROKE_11456,B
81_PEMBROKE_11480,B
81_PEMBROKE_11488,A
81_PEMBROKE_115,F
81_PEMBROKE_1174,E
81_PEMBROKE_1178,C
81_PEMBROKE_1180,A
81_PEMBROKE_11825,H
81_PEMBROKE_11826,D
81_PEMBROKE_11827,B
81_PEMBROKE_11828,D
81_PEMBROKE_1186,J
81_PEMBROKE_11888,I
9_BLACKPOOL_1004,G
9_BLACKPOOL_10058,F
9_BLACKPOOL_10062,E
9_BLACKPOOL_1019,G
9_BLACKPOOL_10236,H
9_BLACKPOOL_10238,B
9_BLACKPOOL_1024,I
9_BLACKPOOL_10266,H
9_BLACKPOOL_10296,G
9_BLACKPOOL_1036,B
9_BLACKPOOL_10420,F
9_BLACKPOOL_10421,A
9_BLACKPOOL_10441,A
9_BLACKPOOL_10443,B
9_BLACKPOOL_10451,H
9_BLACKPOOL_10453,B
9_BLACKPOOL_10472,C
9_BLACKPOOL_10579,F
9_BLACKPOOL_10596,A
9_BLACKPOOL_1060,D
9_BLACKPOOL_10603,J
9_BLACKPOOL_1061,J
9_BLACKPOOL_10626,H
9_BLACKPOOL_1064,I
9_BLACKPOOL_1065,A
9_BLACKPOOL_10723,I
9_BLACKPOOL_10727,F
9_BLACKPOOL_10874,H
9_BLACKPOOL_1094,E
9_BLACKPOOL_10957,E
9_BLACKPOOL_11067,F
9_BLACKPOOL_11089,F
9_BLACKPOOL_11141,D
9_BLACKPOOL_11152,H
9_BLACKPOOL_11196,J
9_BLACKPOOL_11213,F
9_BLACKPOOL_11214,J
9_BLACKPOOL_11219,J
9_BLACKPOOL_1135,J
9_BLACKPOOL_11456,I
9_BLACKPOOL_11488,H
9_BLACKPOOL_1174,A
9_BLACKPOOL_11771,H
9_BLACKPOOL_1178,D
9_BLACKPOOL_1180,J
9_BLACKPOOL_11825,F
9_BLACKPOOL_11826,J
9_BLACKPOOL_11827,A
9_BLACKPOOL_11828,I
9_BLACKPOOL_11888,G
f,B
inv2,B
inv3,E
inventory1,E
inventory11,B
inventory123,E
inventory1232,I
inventory1w,"New Delhi"
inventory2,I
inventory22,E
invvv4,E
